MRA_term,Modified_term,State
Abortion,Abortion,NO return
Abscess,Abscess,NO return
Acalculia,Acalculia,NO return
Acanthosis,Acanthosis,NO return
Acariasis,Acariasis,NO return
Accident,Accident,NO return
Acetonaemia,Acetonaemia,NO return
Achlorhydria,Achlorhydria,NO return
Acidosis,Acidosis,NO return
Acne,Acne,NO return
Acrocephalosyndactyly,Acrocephalosyndactyly,NO return
Acrochordon,Acrochordon,NO return
Acrodynia,Acrodynia,NO return
Acromegaly,Acromegaly,NO return
Acrophobia,Acrophobia,NO return
Actinomycosis,Actinomycosis,NO return
Acupuncture,Acupuncture,NO return
Adenocarcinoma,Adenocarcinoma,NO return
Adenoidectomy,Adenoidectomy,NO return
Adenotonsillectomy,Adenotonsillectomy,NO return
Adolescence,Adolescence,NO return
Adoption,Adoption,NO return
Aesthesioneuroblastoma,Aesthesioneuroblastoma,NO return
Ageusia,Ageusia,NO return
Aggression,Aggression,NO return
Agitation,Agitation,NO return
Aglossia,Aglossia,NO return
Agoraphobia,Agoraphobia,NO return
Agranulocytosis,Agranulocytosis,NO return
Agraphia,Agraphia,NO return
Ainhum,Ainhum,NO return
Akathisia,Akathisia,NO return
Akinesia,Akinesia,NO return
Albinism,Albinism,NO return
Albuminuria,Albuminuria,NO return
Alcoholic,Alcoholic,NO return
Alcoholism,Alcoholism,NO return
Alexia,Alexia,NO return
Alkalosis,Alkalosis,NO return
Alkaptonuria,Alkaptonuria,NO return
Allescheriosis,Allescheriosis,NO return
Alopecia,Alopecia,NO return
Alveolitis,Alveolitis,NO return
Amaurosis,Amaurosis,NO return
Amblyopia,Amblyopia,NO return
Amenorrhoea,Amenorrhoea,NO return
Aminoaciduria,Aminoaciduria,NO return
Amnesia,Amnesia,NO return
Amniocentesis,Amniocentesis,NO return
Amnioscopy,Amnioscopy,NO return
Amoebiasis,Amoebiasis,NO return
Amylase,Amylase,NO return
Amyloidosis,Amyloidosis,NO return
Amyotrophy,Amyotrophy,NO return
Anaemia,Anaemia,NO return
Anaesthesia,Anaesthesia,NO return
Anencephaly,Anencephaly,NO return
Aneurysm,Aneurysm,NO return
Anger,Anger,NO return
Angioedema,Angioedema,NO return
Angiofibroma,Angiofibroma,NO return
Angioplasty,Angioplasty,NO return
Angiosarcoma,Angiosarcoma,NO return
Angiosclerosis,Angiosclerosis,NO return
Anhedonia,Anhedonia,NO return
Anhidrosis,Anhidrosis,NO return
Aniridia,Aniridia,NO return
Anisakiasis,Anisakiasis,NO return
Aniseikonia,Aniseikonia,NO return
Anisocytosis,Anisocytosis,NO return
Anisometropia,Anisometropia,NO return
Anodontia,Anodontia,NO return
Anophthalmos,Anophthalmos,NO return
Anorchism,Anorchism,NO return
Anorgasmia,Anorgasmia,NO return
Anosmia,Anosmia,NO return
Anotia,Anotia,NO return
Anoxia,Anoxia,NO return
Anthrax,Anthrax,NO return
Anuria,Anuria,NO return
Anxiety,Anxiety,NO return
Aortitis,Aortitis,NO return
Apathy,Apathy,NO return
Aphakia,Aphakia,NO return
Aphasia,Aphasia,NO return
Aphonia,Aphonia,NO return
Apicectomy,Apicectomy,NO return
Aplasia,Aplasia,NO return
Apnoea,Apnoea,NO return
Appendicectomy,Appendicectomy,NO return
Appendicitis,Appendicitis,NO return
Apraxia,Apraxia,NO return
Aprosody,Aprosody,NO return
Aptyalism,Aptyalism,NO return
APUDoma,APUDoma,NO return
Arachnoiditis,Arachnoiditis,NO return
Areflexia,Areflexia,NO return
Argyria,Argyria,NO return
Aromatherapy,Aromatherapy,NO return
Arrhythmia,Arrhythmia,NO return
Arteriosclerosis,Arteriosclerosis,NO return
Arteritis,Arteritis,NO return
Arthralgia,Arthralgia,NO return
Arthritis,Arthritis,NO return
Arthrogram,Arthrogram,NO return
Arthropathy,Arthropathy,NO return
Arthroscopy,Arthroscopy,NO return
Asbestosis,Asbestosis,NO return
Ascariasis,Ascariasis,NO return
Ascites,Ascites,NO return
Aspergilloma,Aspergilloma,NO return
Aspermia,Aspermia,NO return
Asphyxia,Asphyxia,NO return
Aspiration,Aspiration,NO return
Asterixis,Asterixis,NO return
Asthenia,Asthenia,NO return
Asthenopia,Asthenopia,NO return
Asthma,Asthma,NO return
Astigmatism,Astigmatism,NO return
Astrocytoma,Astrocytoma,NO return
Ataxia,Ataxia,NO return
Atelectasis,Atelectasis,NO return
Athetosis,Athetosis,NO return
Atopy,Atopy,NO return
Atrophy,Atrophy,NO return
Audiogram,Audiogram,NO return
Aura,Aura,NO return
Automatism,Automatism,NO return
Autotransfusion,Autotransfusion,NO return
Azoospermia,Azoospermia,NO return
Azotaemia,Azotaemia,NO return
Babesiosis,Babesiosis,NO return
Bacteraemia,Bacteraemia,NO return
Bacteriuria,Bacteriuria,NO return
Balanoposthitis,Balanoposthitis,NO return
Balantidiasis,Balantidiasis,NO return
Bankruptcy,Bankruptcy,NO return
Bartholinitis,Bartholinitis,NO return
Bartonellosis,Bartonellosis,NO return
Basophilia,Basophilia,NO return
Belligerence,Belligerence,NO return
Bereavement,Bereavement,NO return
Berylliosis,Berylliosis,NO return
Bezoar,Bezoar,NO return
Bilirubinuria,Bilirubinuria,NO return
Biopsy,Biopsy,NO return
Bisexuality,Bisexuality,NO return
Bite,Bite,NO return
Blastomycosis,Blastomycosis,NO return
Blepharitis,Blepharitis,NO return
Blepharochalasis,Blepharochalasis,NO return
Blepharophimosis,Blepharophimosis,NO return
Blepharoplasty,Blepharoplasty,NO return
Blepharorrhaphy,Blepharorrhaphy,NO return
Blepharospasm,Blepharospasm,NO return
Blindness,Blindness,NO return
Blister,Blister,NO return
Botulism,Botulism,NO return
Bradycardia,Bradycardia,NO return
Bradykinesia,Bradykinesia,NO return
Bradypnoea,Bradypnoea,NO return
Bromoderma,Bromoderma,NO return
Bronchiectasis,Bronchiectasis,NO return
Bronchiolitis,Bronchiolitis,NO return
Bronchitis,Bronchitis,NO return
Bronchogram,Bronchogram,NO return
Bronchoscopy,Bronchoscopy,NO return
Bronchospasm,Bronchospasm,NO return
Bronchostenosis,Bronchostenosis,NO return
Brucellosis,Brucellosis,NO return
Bruxism,Bruxism,NO return
Bursitis,Bursitis,NO return
Byssinosis,Byssinosis,NO return
Cachexia,Cachexia,NO return
Caecopexy,Caecopexy,NO return
Calcinosis,Calcinosis,NO return
Capillariasis,Capillariasis,NO return
Carboxyhaemoglobin,Carboxyhaemoglobin,NO return
Carboxyhaemoglobinaemia,Carboxyhaemoglobinaemia,NO return
Carbuncle,Carbuncle,NO return
Carcinogenicity,Carcinogenicity,NO return
Cardiomegaly,Cardiomegaly,NO return
Cardiomyopathy,Cardiomyopathy,NO return
Cardiospasm,Cardiospasm,NO return
Cardioversion,Cardioversion,NO return
Caregiver,Caregiver,NO return
Carotene,Carotene,NO return
Cataplexy,Cataplexy,NO return
Cataract,Cataract,NO return
Catarrh,Catarrh,NO return
Catatonia,Catatonia,NO return
Celibacy,Celibacy,NO return
Cellulitis,Cellulitis,NO return
Cephalhaematoma,Cephalhaematoma,NO return
Cervicitis,Cervicitis,NO return
Chalazion,Chalazion,NO return
Chancroid,Chancroid,NO return
Cheilitis,Cheilitis,NO return
Cheilosis,Cheilosis,NO return
Chillblains,Chillblains,NO return
Chills,Chills,NO return
Chiropractic,Chiropractic,NO return
Chloasma,Chloasma,NO return
Chloracne,Chloracne,NO return
Chloroma,Chloroma,NO return
Chloropsia,Chloropsia,NO return
Choking,Choking,NO return
Cholangioadenoma,Cholangioadenoma,NO return
Cholangiocarcinoma,Cholangiocarcinoma,NO return
Cholangiogram,Cholangiogram,NO return
Cholangiolitis,Cholangiolitis,NO return
Cholangitis,Cholangitis,NO return
Cholecystectomy,Cholecystectomy,NO return
Cholecystitis,Cholecystitis,NO return
Cholecystostomy,Cholecystostomy,NO return
Choledochotomy,Choledochotomy,NO return
Cholelithiasis,Cholelithiasis,NO return
Cholera,Cholera,NO return
Cholestasis,Cholestasis,NO return
Cholesteatoma,Cholesteatoma,NO return
Choluria,Choluria,NO return
Chondritis,Chondritis,NO return
Chondroblastoma,Chondroblastoma,NO return
Chondrodystrophy,Chondrodystrophy,NO return
Chondroma,Chondroma,NO return
Chondromalacia,Chondromalacia,NO return
Chondrosarcoma,Chondrosarcoma,NO return
Chordee,Chordee,NO return
Chordoma,Chordoma,NO return
Chorea,Chorea,NO return
Choreoathetosis,Choreoathetosis,NO return
Choriocarcinoma,Choriocarcinoma,NO return
Chorioretinitis,Chorioretinitis,NO return
Choroiditis,Choroiditis,NO return
Chromatopsia,Chromatopsia,NO return
Chromaturia,Chromaturia,NO return
Chromoblastomycosis,Chromoblastomycosis,NO return
Chyluria,Chyluria,NO return
Cinchonism,Cinchonism,NO return
Circumcision,Circumcision,NO return
Circumstantiality,Circumstantiality,NO return
Claustrophobia,Claustrophobia,NO return
Clitoridectomy,Clitoridectomy,NO return
Clonorchiasis,Clonorchiasis,NO return
Clonus,Clonus,NO return
Clubbing,Clubbing,NO return
Clumsiness,Clumsiness,NO return
Coagulopathy,Coagulopathy,NO return
Coccidioidomycosis,Coccidioidomycosis,NO return
Coccydynia,Coccydynia,NO return
Colitis,Colitis,NO return
Coloboma,Coloboma,NO return
Colonoscopy,Colonoscopy,NO return
Colostomy,Colostomy,NO return
Colposcopy,Colposcopy,NO return
Coma,Coma,NO return
Compulsions,Compulsions,NO return
Concussion,Concussion,NO return
Condom,Condom,NO return
Confabulation,Confabulation,NO return
Conjunctivitis,Conjunctivitis,NO return
Constipation,Constipation,NO return
Contraception,Contraception,NO return
Convalescent,Convalescent,NO return
Coprolalia,Coprolalia,NO return
Corectopia,Corectopia,NO return
Costochondritis,Costochondritis,NO return
Cough,Cough,NO return
Craniopharyngioma,Craniopharyngioma,NO return
Cranioplasty,Cranioplasty,NO return
Craniorachischisis,Craniorachischisis,NO return
Craniotomy,Craniotomy,NO return
Crepitations,Crepitations,NO return
Crossmatch,Crossmatch,NO return
Crying,Crying,NO return
Cryoglobulinaemia,Cryoglobulinaemia,NO return
Cryoglobulins,Cryoglobulins,NO return
Cryoglobulinuria,Cryoglobulinuria,NO return
Cryotherapy,Cryotherapy,NO return
Cryptococcosis,Cryptococcosis,NO return
Cryptophthalmos,Cryptophthalmos,NO return
Cryptorchism,Cryptorchism,NO return
Crystalluria,Crystalluria,NO return
Cushingoid,Cushingoid,NO return
Cyanosis,Cyanosis,NO return
Cyclitis,Cyclitis,NO return
Cycloplegia,Cycloplegia,NO return
Cylindruria,Cylindruria,NO return
Cyst,Cyst,NO return
Cystinosis,Cystinosis,NO return
Cystinuria,Cystinuria,NO return
Cystitis,Cystitis,NO return
Cystocele,Cystocele,NO return
Cystogram,Cystogram,NO return
Cystoscopy,Cystoscopy,NO return
Cystostomy,Cystostomy,NO return
Dacryocanaliculitis,Dacryocanaliculitis,NO return
Dacryocystitis,Dacryocystitis,NO return
Dacryocystorhinostomy,Dacryocystorhinostomy,NO return
Dacryolith,Dacryolith,NO return
Dandruff,Dandruff,NO return
Deafness,Deafness,NO return
Death,Death,NO return
Dehydration,Dehydration,NO return
Delinquency,Delinquency,NO return
Delirium,Delirium,NO return
Delusion,Delusion,NO return
Dementia,Dementia,NO return
Demyelination,Demyelination,NO return
Dependence,Dependence,NO return
Depilation,Depilation,NO return
Depression,Depression,NO return
Derailment,Derailment,NO return
Derealisation,Derealisation,NO return
Dermabrasion,Dermabrasion,NO return
Dermatitis,Dermatitis,NO return
Dermatochalasis,Dermatochalasis,NO return
Dermatomyositis,Dermatomyositis,NO return
Dermatophytosis,Dermatophytosis,NO return
Dextrocardia,Dextrocardia,NO return
Diarrhoea,Diarrhoea,NO return
Diastematomyelia,Diastematomyelia,NO return
Diathermy,Diathermy,NO return
Diphtheria,Diphtheria,NO return
Diphyllobothriasis,Diphyllobothriasis,NO return
Diplacusis,Diplacusis,NO return
Diplegia,Diplegia,NO return
Diplopia,Diplopia,NO return
Disability,Disability,NO return
Discomfort,Discomfort,NO return
Disinhibition,Disinhibition,NO return
Disorientation,Disorientation,NO return
Dissociation,Dissociation,NO return
Distractibility,Distractibility,NO return
Diverticulitis,Diverticulitis,NO return
Diverticulum,Diverticulum,NO return
Divorced,Divorced,NO return
Dizziness,Dizziness,NO return
Dracunculiasis,Dracunculiasis,NO return
Drooling,Drooling,NO return
Drowning,Drowning,NO return
Duodenectomy,Duodenectomy,NO return
Duodenitis,Duodenitis,NO return
Dwarfism,Dwarfism,NO return
Dysaesthesia,Dysaesthesia,NO return
Dysarthria,Dysarthria,NO return
Dyschromatopsia,Dyschromatopsia,NO return
Dysdiadochokinesis,Dysdiadochokinesis,NO return
Dysgeusia,Dysgeusia,NO return
Dyskinesia,Dyskinesia,NO return
Dyslalia,Dyslalia,NO return
Dyslexia,Dyslexia,NO return
Dysmenorrhoea,Dysmenorrhoea,NO return
Dysmetria,Dysmetria,NO return
Dyspareunia,Dyspareunia,NO return
Dyspepsia,Dyspepsia,NO return
Dysphagia,Dysphagia,NO return
Dysphonia,Dysphonia,NO return
Dysphoria,Dysphoria,NO return
Dyspnoea,Dyspnoea,NO return
Dyspraxia,Dyspraxia,NO return
Dysprosody,Dysprosody,NO return
Dystonia,Dystonia,NO return
Dysuria,Dysuria,NO return
Ecchymosis,Ecchymosis,NO return
Echinococciasis,Echinococciasis,NO return
Echocardiogram,Echocardiogram,NO return
Echoencephalogram,Echoencephalogram,NO return
Echolalia,Echolalia,NO return
Echopraxia,Echopraxia,NO return
Eclampsia,Eclampsia,NO return
Ecthyma,Ecthyma,NO return
Ectropion,Ectropion,NO return
Eczema,Eczema,NO return
Elderly,Elderly,NO return
Electrocardiogram,Electrocardiogram,NO return
Electrocochleogram,Electrocochleogram,NO return
Electrocution,Electrocution,NO return
Electroencephalogram,Electroencephalogram,NO return
Electromyogram,Electromyogram,NO return
Electronystagmogram,Electronystagmogram,NO return
Electrooculogram,Electrooculogram,NO return
Electrophoresis,Electrophoresis,NO return
Elephantiasis,Elephantiasis,NO return
Elliptocytosis,Elliptocytosis,NO return
Emphysema,Emphysema,NO return
Emprosthotonus,Emprosthotonus,NO return
Empyema,Empyema,NO return
Enanthema,Enanthema,NO return
Encephalitis,Encephalitis,NO return
Encephalocele,Encephalocele,NO return
Encephalomyelitis,Encephalomyelitis,NO return
Encephalopathy,Encephalopathy,NO return
Enchondromatosis,Enchondromatosis,NO return
Encopresis,Encopresis,NO return
Endarterectomy,Endarterectomy,NO return
Endocarditis,Endocarditis,NO return
Endometriosis,Endometriosis,NO return
Endometritis,Endometritis,NO return
Endophthalmitis,Endophthalmitis,NO return
Endoscopy,Endoscopy,NO return
Enophthalmos,Enophthalmos,NO return
Enteritis,Enteritis,NO return
Enterobiasis,Enterobiasis,NO return
Enterocele,Enterocele,NO return
Enterocolitis,Enterocolitis,NO return
Enthesopathy,Enthesopathy,NO return
Enuresis,Enuresis,NO return
Eosinopenia,Eosinopenia,NO return
Eosinophilia,Eosinophilia,NO return
Ependymitis,Ependymitis,NO return
Ependymoma,Ependymoma,NO return
Ephelides,Ephelides,NO return
Epicondylitis,Epicondylitis,NO return
Epididymectomy,Epididymectomy,NO return
Epididymitis,Epididymitis,NO return
Epiglottitis,Epiglottitis,NO return
Epilepsy,Epilepsy,NO return
Epinephrine,Epinephrine,NO return
Epiphysiolysis,Epiphysiolysis,NO return
Epiphysitis,Epiphysitis,NO return
Episcleritis,Episcleritis,NO return
Episiotomy,Episiotomy,NO return
Epispadias,Epispadias,NO return
Epistaxis,Epistaxis,NO return
Eructation,Eructation,NO return
Erysipelas,Erysipelas,NO return
Erysipeloid,Erysipeloid,NO return
Erythema,Erythema,NO return
Erythrasma,Erythrasma,NO return
Erythromelalgia,Erythromelalgia,NO return
Erythropenia,Erythropenia,NO return
Erythropsia,Erythropsia,NO return
Eunuchoidism,Eunuchoidism,NO return
Euthanasia,Euthanasia,NO return
Exhibitionism,Exhibitionism,NO return
Exomphalos,Exomphalos,NO return
Exophthalmos,Exophthalmos,NO return
Exostosis,Exostosis,NO return
Exsanguination,Exsanguination,NO return
Extrasystoles,Extrasystoles,NO return
Extravasation,Extravasation,NO return
Extubation,Extubation,NO return
Fall,Fall,NO return
Fasciectomy,Fasciectomy,NO return
Fasciitis,Fasciitis,NO return
Fascioliasis,Fascioliasis,NO return
Fasciolopsiasis,Fasciolopsiasis,NO return
Fasciotomy,Fasciotomy,NO return
Fatigue,Fatigue,NO return
Fear,Fear,NO return
Fetishism,Fetishism,NO return
Fibrin,Fibrin,NO return
Fibrinolysis,Fibrinolysis,NO return
Fibroma,Fibroma,NO return
Fibrosarcoma,Fibrosarcoma,NO return
Fibrosis,Fibrosis,NO return
Filariasis,Filariasis,NO return
Fistula,Fistula,NO return
Flashback,Flashback,NO return
Flatulence,Flatulence,NO return
Flooding,Flooding,NO return
Fluorosis,Fluorosis,NO return
Flushing,Flushing,NO return
Folliculitis,Folliculitis,NO return
Formication,Formication,NO return
Fracture,Fracture,NO return
Frostbite,Frostbite,NO return
Frotteurism,Frotteurism,NO return
Fructosamine,Fructosamine,NO return
Fulguration,Fulguration,NO return
Fumbling,Fumbling,NO return
Fundoscopy,Fundoscopy,NO return
Fungaemia,Fungaemia,NO return
Furuncle,Furuncle,NO return
Galactocele,Galactocele,NO return
Galactorrhoea,Galactorrhoea,NO return
Galactosaemia,Galactosaemia,NO return
Gambling,Gambling,NO return
Ganglioglioma,Ganglioglioma,NO return
Ganglioneuroblastoma,Ganglioneuroblastoma,NO return
Ganglioneuroma,Ganglioneuroma,NO return
Gangrene,Gangrene,NO return
Gastrinoma,Gastrinoma,NO return
Gastritis,Gastritis,NO return
Gastroenterostomy,Gastroenterostomy,NO return
Gastroenteritis,Gastroenteritis,NO return
Gastroptosis,Gastroptosis,NO return
Gastroschisis,Gastroschisis,NO return
Giardiasis,Giardiasis,NO return
Gigantism,Gigantism,NO return
Gingivitis,Gingivitis,NO return
Glaucoma,Glaucoma,NO return
Glioblastoma,Glioblastoma,NO return
Glioma,Glioma,NO return
Gliosarcoma,Gliosarcoma,NO return
Gliosis,Gliosis,NO return
Globulin,Globulin,NO return
Globulinuria,Globulinuria,NO return
Glomerulonephritis,Glomerulonephritis,NO return
Glossectomy,Glossectomy,NO return
Glossitis,Glossitis,NO return
Glossodynia,Glossodynia,NO return
Glucagonoma,Glucagonoma,NO return
Glycosuria,Glycosuria,NO return
Gnathostomiasis,Gnathostomiasis,NO return
Goitre,Goitre,NO return
Gonioscopy,Gonioscopy,NO return
Gonorrhoea,Gonorrhoea,NO return
Gout,Gout,NO return
Grandiosity,Grandiosity,NO return
Granulocytopenia,Granulocytopenia,NO return
Granulocytosis,Granulocytosis,NO return
Granuloma,Granuloma,NO return
Grunting,Grunting,NO return
Gynaecomastia,Gynaecomastia,NO return
Haemangioblastoma,Haemangioblastoma,NO return
Haemangioma,Haemangioma,NO return
Haemangiopericytoma,Haemangiopericytoma,NO return
Haemarthrosis,Haemarthrosis,NO return
Haematemesis,Haematemesis,NO return
Haematocoele,Haematocoele,NO return
Haematochezia,Haematochezia,NO return
Haematocrit,Haematocrit,NO return
Haematoma,Haematoma,NO return
Haematospermia,Haematospermia,NO return
Haematuria,Haematuria,NO return
Haemochromatosis,Haemochromatosis,NO return
Haemoconcentration,Haemoconcentration,NO return
Haemodialysis,Haemodialysis,NO return
Haemoglobin,Haemoglobin,NO return
Haemoglobinaemia,Haemoglobinaemia,NO return
Haemoglobinuria,Haemoglobinuria,NO return
Haemolysis,Haemolysis,NO return
Haemoperitoneum,Haemoperitoneum,NO return
Haemoptysis,Haemoptysis,NO return
Haemorrhoids,Haemorrhoids,NO return
Haemosiderosis,Haemosiderosis,NO return
Haemothorax,Haemothorax,NO return
Hallucination,Hallucination,NO return
Hangover,Hangover,NO return
Headache,Headache,NO return
Hemianopia,Hemianopia,NO return
Hemihypertrophy,Hemihypertrophy,NO return
Hemiparesis,Hemiparesis,NO return
Hemiplegia,Hemiplegia,NO return
Hemivertebra,Hemivertebra,NO return
Hepatitis,Hepatitis,NO return
Hepatomegaly,Hepatomegaly,NO return
Hepatosplenomegaly,Hepatosplenomegaly,NO return
Hepatotoxicity,Hepatotoxicity,NO return
Hermaphroditism,Hermaphroditism,NO return
Hernia,Hernia,NO return
Herpangina,Herpangina,NO return
Heterophoria,Heterophoria,NO return
Heterophyiasis,Heterophyiasis,NO return
Heterosexuality,Heterosexuality,NO return
Hiccups,Hiccups,NO return
Hidradenitis,Hidradenitis,NO return
Hirsutism,Hirsutism,NO return
Hirudiniasis,Hirudiniasis,NO return
Histiocytosis,Histiocytosis,NO return
Histoplasmosis,Histoplasmosis,NO return
Homeless,Homeless,NO return
Homeopathy,Homeopathy,NO return
Homicide,Homicide,NO return
Homocystinuria,Homocystinuria,NO return
Homosexuality,Homosexuality,NO return
Hordeolum,Hordeolum,NO return
Hostility,Hostility,NO return
Hunger,Hunger,NO return
Hydrocele,Hydrocele,NO return
Hydrocephalus,Hydrocephalus,NO return
Hydromyelia,Hydromyelia,NO return
Hydronephrosis,Hydronephrosis,NO return
Hydrosalpinx,Hydrosalpinx,NO return
Hydrotherapy,Hydrotherapy,NO return
Hydroureter,Hydroureter,NO return
Hymenectomy,Hymenectomy,NO return
Hymenolepiasis,Hymenolepiasis,NO return
Hyperacusis,Hyperacusis,NO return
Hyperadrenalism,Hyperadrenalism,NO return
Hyperadrenocorticism,Hyperadrenocorticism,NO return
Hyperaemia,Hyperaemia,NO return
Hyperaesthesia,Hyperaesthesia,NO return
Hyperaldosteronism,Hyperaldosteronism,NO return
Hyperammonaemia,Hyperammonaemia,NO return
Hyperbilirubinaemia,Hyperbilirubinaemia,NO return
Hypercalcaemia,Hypercalcaemia,NO return
Hypercalciuria,Hypercalciuria,NO return
Hypercapnia,Hypercapnia,NO return
Hypercarotinaemia,Hypercarotinaemia,NO return
Hypercementosis,Hypercementosis,NO return
Hyperchloraemia,Hyperchloraemia,NO return
Hyperchlorhydria,Hyperchlorhydria,NO return
Hypercholesterolaemia,Hypercholesterolaemia,NO return
Hyperchylomicronaemia,Hyperchylomicronaemia,NO return
Hypercoagulation,Hypercoagulation,NO return
Hypergammaglobulinaemia,Hypergammaglobulinaemia,NO return
Hyperglobulinaemia,Hyperglobulinaemia,NO return
Hyperglycaemia,Hyperglycaemia,NO return
Hyperhidrosis,Hyperhidrosis,NO return
Hyperkalaemia,Hyperkalaemia,NO return
Hyperkeratosis,Hyperkeratosis,NO return
Hyperkinesia,Hyperkinesia,NO return
Hyperlactacidaemia,Hyperlactacidaemia,NO return
Hypermagnesaemia,Hypermagnesaemia,NO return
Hypermetabolism,Hypermetabolism,NO return
Hypermetropia,Hypermetropia,NO return
Hypernatraemia,Hypernatraemia,NO return
Hyperoestrogenism,Hyperoestrogenism,NO return
Hyperoxalaemia,Hyperoxalaemia,NO return
Hyperoxaluria,Hyperoxaluria,NO return
Hyperparathyroidism,Hyperparathyroidism,NO return
Hyperphagia,Hyperphagia,NO return
Hyperphosphataemia,Hyperphosphataemia,NO return
Hyperpituitarism,Hyperpituitarism,NO return
Hyperplasia,Hyperplasia,NO return
Hyperprolactinaemia,Hyperprolactinaemia,NO return
Hyperproteinaemia,Hyperproteinaemia,NO return
Hyperpyrexia,Hyperpyrexia,NO return
Hyperreflexia,Hyperreflexia,NO return
Hypersensitivity,Hypersensitivity,NO return
Hypersomnia,Hypersomnia,NO return
Hypersplenism,Hypersplenism,NO return
Hypersthenuria,Hypersthenuria,NO return
Hypertension,Hypertension,NO return
Hyperthermia,Hyperthermia,NO return
Hyperthyroidism,Hyperthyroidism,NO return
Hypertonia,Hypertonia,NO return
Hypertrichosis,Hypertrichosis,NO return
Hypertriglyceridaemia,Hypertriglyceridaemia,NO return
Hypertrophy,Hypertrophy,NO return
Hyperuricaemia,Hyperuricaemia,NO return
Hyperventilation,Hyperventilation,NO return
Hypervitaminosis,Hypervitaminosis,NO return
Hypervolaemia,Hypervolaemia,NO return
Hyperzincaemia,Hyperzincaemia,NO return
Hyphaema,Hyphaema,NO return
Hypnotherapy,Hypnotherapy,NO return
Hypoaesthesia,Hypoaesthesia,NO return
Hypoalbuminaemia,Hypoalbuminaemia,NO return
Hypoaldosteronism,Hypoaldosteronism,NO return
Hypocalcaemia,Hypocalcaemia,NO return
Hypocapnia,Hypocapnia,NO return
Hypochloraemia,Hypochloraemia,NO return
Hypocholesterolaemia,Hypocholesterolaemia,NO return
Hypochondroplasia,Hypochondroplasia,NO return
Hypocomplementaemia,Hypocomplementaemia,NO return
Hypogammaglobulinaemia,Hypogammaglobulinaemia,NO return
Hypogeusia,Hypogeusia,NO return
Hypoglycaemia,Hypoglycaemia,NO return
Hypohidrosis,Hypohidrosis,NO return
Hypokalaemia,Hypokalaemia,NO return
Hypokinesia,Hypokinesia,NO return
Hypolipidaemia,Hypolipidaemia,NO return
Hypomagnesaemia,Hypomagnesaemia,NO return
Hypomania,Hypomania,NO return
Hypomenorrhoea,Hypomenorrhoea,NO return
Hypometabolism,Hypometabolism,NO return
Hyponatraemia,Hyponatraemia,NO return
Hypoparathyroidism,Hypoparathyroidism,NO return
Hypophosphataemia,Hypophosphataemia,NO return
Hypopituitarism,Hypopituitarism,NO return
Hypopnoea,Hypopnoea,NO return
Hypoprolactinaemia,Hypoprolactinaemia,NO return
Hypoproteinaemia,Hypoproteinaemia,NO return
Hypoprothrombinaemia,Hypoprothrombinaemia,NO return
Hypopyon,Hypopyon,NO return
Hyporeflexia,Hyporeflexia,NO return
Hypospadias,Hypospadias,NO return
Hyposthenuria,Hyposthenuria,NO return
Hypotension,Hypotension,NO return
Hypothermia,Hypothermia,NO return
Hypothyroidism,Hypothyroidism,NO return
Hypotonia,Hypotonia,NO return
Hypotrichosis,Hypotrichosis,NO return
Hypotriglyceridaemia,Hypotriglyceridaemia,NO return
Hypouricaemia,Hypouricaemia,NO return
Hypoventilation,Hypoventilation,NO return
Hypovitaminosis,Hypovitaminosis,NO return
Hypovolaemia,Hypovolaemia,NO return
Hypoxia,Hypoxia,NO return
Hypozincaemia,Hypozincaemia,NO return
Hysterectomy,Hysterectomy,NO return
Hysterosalpingogram,Hysterosalpingogram,NO return
Hysterotomy,Hysterotomy,NO return
Ichthyosis,Ichthyosis,NO return
Ileostomy,Ileostomy,NO return
Ileus,Ileus,NO return
Illiteracy,Illiteracy,NO return
Illusion,Illusion,NO return
Immobile,Immobile,NO return
Immunisation,Immunisation,NO return
Immunoelectrophoresis,Immunoelectrophoresis,NO return
Immunoglobulins,Immunoglobulins,NO return
Impetigo,Impetigo,NO return
Imprisonment,Imprisonment,NO return
Incest,Incest,NO return
Incoherent,Incoherent,NO return
Incontinence,Incontinence,NO return
Indifference,Indifference,NO return
Infant,Infant,NO return
Infection,Infection,NO return
Infertility,Infertility,NO return
Influenza,Influenza,NO return
Iniencephaly,Iniencephaly,NO return
Injury,Injury,NO return
Insomnia,Insomnia,NO return
Insulinoma,Insulinoma,NO return
Intertrigo,Intertrigo,NO return
Intussusception,Intussusception,NO return
Iridectomy,Iridectomy,NO return
Iridocyclitis,Iridocyclitis,NO return
Iridodialysis,Iridodialysis,NO return
Iridoschisis,Iridoschisis,NO return
Iridotomy,Iridotomy,NO return
Iritis,Iritis,NO return
Irritability,Irritability,NO return
Isosporiasis,Isosporiasis,NO return
Isosthenuria,Isosthenuria,NO return
Jaundice,Jaundice,NO return
Jejunostomy,Jejunostomy,NO return
Keratitis,Keratitis,NO return
Keratoacanthoma,Keratoacanthoma,NO return
Keratoconus,Keratoconus,NO return
Keratomalacia,Keratomalacia,NO return
Keratometry,Keratometry,NO return
Keratopathy,Keratopathy,NO return
Keratotomy,Keratotomy,NO return
Kerion,Kerion,NO return
Kernicterus,Kernicterus,NO return
Ketoacidosis,Ketoacidosis,NO return
Ketonuria,Ketonuria,NO return
Ketosis,Ketosis,NO return
Kleptomania,Kleptomania,NO return
Kuru,Kuru,NO return
Kwashiorkor,Kwashiorkor,NO return
Kyphoscoliosis,Kyphoscoliosis,NO return
Kyphosis,Kyphosis,NO return
Labyrinthitis,Labyrinthitis,NO return
Lagophthalmos,Lagophthalmos,NO return
Laparoscopy,Laparoscopy,NO return
Laparotomy,Laparotomy,NO return
Laryngectomy,Laryngectomy,NO return
Laryngitis,Laryngitis,NO return
Laryngocele,Laryngocele,NO return
Laryngoscopy,Laryngoscopy,NO return
Laryngospasm,Laryngospasm,NO return
Leiomyoma,Leiomyoma,NO return
Leiomyosarcoma,Leiomyosarcoma,NO return
Leishmaniasis,Leishmaniasis,NO return
Lentigo,Lentigo,NO return
Leprosy,Leprosy,NO return
Leptospirosis,Leptospirosis,NO return
Lethargy,Lethargy,NO return
Leukaemia,Leukaemia,NO return
Leukocytosis,Leukocytosis,NO return
Leukoderma,Leukoderma,NO return
Leukodystrophy,Leukodystrophy,NO return
Leukoencephalopathy,Leukoencephalopathy,NO return
Leukoerythroblastosis,Leukoerythroblastosis,NO return
Leukopenia,Leukopenia,NO return
Lichenification,Lichenification,NO return
Lipidosis,Lipidosis,NO return
Lipids,Lipids,NO return
Lipiduria,Lipiduria,NO return
Lipoatrophy,Lipoatrophy,NO return
Lipoma,Lipoma,NO return
Liposarcoma,Liposarcoma,NO return
Listeriosis,Listeriosis,NO return
Listless,Listless,NO return
Lividity,Lividity,NO return
Lobomycosis,Lobomycosis,NO return
Logorrhoea,Logorrhoea,NO return
Lordosis,Lordosis,NO return
Lymphadenitis,Lymphadenitis,NO return
Lymphadenopathy,Lymphadenopathy,NO return
Lymphangiectasia,Lymphangiectasia,NO return
Lymphangiogram,Lymphangiogram,NO return
Lymphangioma,Lymphangioma,NO return
Lymphangiosarcoma,Lymphangiosarcoma,NO return
Lymphangitis,Lymphangitis,NO return
Lymphocytosis,Lymphocytosis,NO return
Lymphoedema,Lymphoedema,NO return
Lymphoma,Lymphoma,NO return
Lymphopenia,Lymphopenia,NO return
Macroamylasaemia,Macroamylasaemia,NO return
Macrocheilia,Macrocheilia,NO return
Macrocytosis,Macrocytosis,NO return
Macrodactyly,Macrodactyly,NO return
Macrogenia,Macrogenia,NO return
Macroglossia,Macroglossia,NO return
Macrosomia,Macrosomia,NO return
Macrostomia,Macrostomia,NO return
Macrotia,Macrotia,NO return
Macule,Macule,NO return
Maculopathy,Maculopathy,NO return
Malabsorption,Malabsorption,NO return
Malaise,Malaise,NO return
Malaria,Malaria,NO return
Mammogram,Mammogram,NO return
Manganese,Manganese,NO return
Mania,Mania,NO return
Marasmus,Marasmus,NO return
Married,Married,NO return
Masochism,Masochism,NO return
Mass,Mass,NO return
Massage,Massage,NO return
Mastectomy,Mastectomy,NO return
Mastitis,Mastitis,NO return
Mastocytoma,Mastocytoma,NO return
Mastocytosis,Mastocytosis,NO return
Mastoidectomy,Mastoidectomy,NO return
Mastoiditis,Mastoiditis,NO return
Measles,Measles,NO return
Mediastinitis,Mediastinitis,NO return
Mediastinoscopy,Mediastinoscopy,NO return
Medulloblastoma,Medulloblastoma,NO return
Megacolon,Megacolon,NO return
Meibomianitis,Meibomianitis,NO return
Melaena,Melaena,NO return
Melanoderma,Melanoderma,NO return
Melanosis,Melanosis,NO return
Menarche,Menarche,NO return
Meningioma,Meningioma,NO return
Meningism,Meningism,NO return
Meningitis,Meningitis,NO return
Meningocele,Meningocele,NO return
Meningomyelocele,Meningomyelocele,NO return
Menometrorrhagia,Menometrorrhagia,NO return
Menopause,Menopause,NO return
Menorrhagia,Menorrhagia,NO return
Merycism,Merycism,NO return
Mesothelioma,Mesothelioma,NO return
Metagonimiasis,Metagonimiasis,NO return
Metatarsalgia,Metatarsalgia,NO return
Methaemoglobinaemia,Methaemoglobinaemia,NO return
Methaemoglobinuria,Methaemoglobinuria,NO return
Metrorrhagia,Metrorrhagia,NO return
Microalbuminuria,Microalbuminuria,NO return
Microcephaly,Microcephaly,NO return
Microcheilia,Microcheilia,NO return
Microcytosis,Microcytosis,NO return
Microgenia,Microgenia,NO return
Microglossia,Microglossia,NO return
Micrognathia,Micrognathia,NO return
Microphthalmos,Microphthalmos,NO return
Microstomia,Microstomia,NO return
Microtia,Microtia,NO return
Migraine,Migraine,NO return
Milia,Milia,NO return
Miliaria,Miliaria,NO return
Miosis,Miosis,NO return
Moaning,Moaning,NO return
Monocytopenia,Monocytopenia,NO return
Monocytosis,Monocytosis,NO return
Mononeuritis,Mononeuritis,NO return
Monoparesis,Monoparesis,NO return
Monoplegia,Monoplegia,NO return
Morose,Morose,NO return
Morphoea,Morphoea,NO return
Mucopolysaccharidosis,Mucopolysaccharidosis,NO return
Mucormycosis,Mucormycosis,NO return
Multigravida,Multigravida,NO return
Multiparous,Multiparous,NO return
Mumps,Mumps,NO return
Mutism,Mutism,NO return
Myalgia,Myalgia,NO return
Mycotoxicosis,Mycotoxicosis,NO return
Mydriasis,Mydriasis,NO return
Myectomy,Myectomy,NO return
Myelitis,Myelitis,NO return
Myelofibrosis,Myelofibrosis,NO return
Myelopathy,Myelopathy,NO return
Myelosuppression,Myelosuppression,NO return
Myiasis,Myiasis,NO return
Myocarditis,Myocarditis,NO return
Myoclonus,Myoclonus,NO return
Myoglobinuria,Myoglobinuria,NO return
Myokymia,Myokymia,NO return
Myomectomy,Myomectomy,NO return
Myopathy,Myopathy,NO return
Myopia,Myopia,NO return
Myositis,Myositis,NO return
Myringotomy,Myringotomy,NO return
Myxoedema,Myxoedema,NO return
Narcolepsy,Narcolepsy,NO return
Nasopharyngitis,Nasopharyngitis,NO return
Nausea,Nausea,NO return
Necrobacillosis,Necrobacillosis,NO return
Necrosis,Necrosis,NO return
Negativism,Negativism,NO return
Neologism,Neologism,NO return
Neoplasm,Neoplasm,NO return
Neovascularisation,Neovascularisation,NO return
Nephrectomy,Nephrectomy,NO return
Nephritis,Nephritis,NO return
Nephroblastoma,Nephroblastoma,NO return
Nephrocalcinosis,Nephrocalcinosis,NO return
Nephrolithiasis,Nephrolithiasis,NO return
Nephropathy,Nephropathy,NO return
Nephroplasty,Nephroplasty,NO return
Nephroptosis,Nephroptosis,NO return
Nephrosclerosis,Nephrosclerosis,NO return
Nervousness,Nervousness,NO return
Neuralgia,Neuralgia,NO return
Neuritis,Neuritis,NO return
Neuroblastoma,Neuroblastoma,NO return
Neurodermatitis,Neurodermatitis,NO return
Neurofibroma,Neurofibroma,NO return
Neurofibromatosis,Neurofibromatosis,NO return
Neuroma,Neuroma,NO return
Neuromyopathy,Neuromyopathy,NO return
Neurosis,Neurosis,NO return
Neurosyphilis,Neurosyphilis,NO return
Neurotensinoma,Neurotensinoma,NO return
Neurotoxicity,Neurotoxicity,NO return
Neutropenia,Neutropenia,NO return
Neutrophilia,Neutrophilia,NO return
Nightmare,Nightmare,NO return
Nocardiosis,Nocardiosis,NO return
Nocturia,Nocturia,NO return
Nulliparous,Nulliparous,NO return
Nystagmus,Nystagmus,NO return
Obesity,Obesity,NO return
Oculopneumoplethysmogram,Oculopneumoplethysmogram,NO return
Odynophagia,Odynophagia,NO return
Oedema,Oedema,NO return
Oesophagectomy,Oesophagectomy,NO return
Oesophagitis,Oesophagitis,NO return
Oesophagoenterostomy,Oesophagoenterostomy,NO return
Oesophagoscopy,Oesophagoscopy,NO return
Oestradiol,Oestradiol,NO return
Oestriol,Oestriol,NO return
Oligodendroglioma,Oligodendroglioma,NO return
Oligohydramnios,Oligohydramnios,NO return
Oligomenorrhoea,Oligomenorrhoea,NO return
Oligospermia,Oligospermia,NO return
Oliguria,Oliguria,NO return
Omentectomy,Omentectomy,NO return
Omphalitis,Omphalitis,NO return
Onchocerciasis,Onchocerciasis,NO return
Onychogryphosis,Onychogryphosis,NO return
Onycholysis,Onycholysis,NO return
Onychomycosis,Onychomycosis,NO return
Oophoritis,Oophoritis,NO return
Ophthalmoplegia,Ophthalmoplegia,NO return
Opisthorchiasis,Opisthorchiasis,NO return
Opisthotonus,Opisthotonus,NO return
Orchidectomy,Orchidectomy,NO return
Orchidopexy,Orchidopexy,NO return
Orchitis,Orchitis,NO return
Orf,Orf,NO return
Orphan,Orphan,NO return
Orthopnoea,Orthopnoea,NO return
Ossiculoplasty,Ossiculoplasty,NO return
Osteitis,Osteitis,NO return
Osteoarthritis,Osteoarthritis,NO return
Osteoarthropathy,Osteoarthropathy,NO return
Osteochondritis,Osteochondritis,NO return
Osteochondrosis,Osteochondrosis,NO return
Osteodystrophy,Osteodystrophy,NO return
Osteolysis,Osteolysis,NO return
Osteoma,Osteoma,NO return
Osteomalacia,Osteomalacia,NO return
Osteomyelitis,Osteomyelitis,NO return
Osteonecrosis,Osteonecrosis,NO return
Osteopetrosis,Osteopetrosis,NO return
Osteopoikilosis,Osteopoikilosis,NO return
Osteoporosis,Osteoporosis,NO return
Osteosarcoma,Osteosarcoma,NO return
Osteosclerosis,Osteosclerosis,NO return
Osteosis,Osteosis,NO return
Osteotomy,Osteotomy,NO return
Otorrhoea,Otorrhoea,NO return
Otosalpingitis,Otosalpingitis,NO return
Otosclerosis,Otosclerosis,NO return
Ototoxicity,Ototoxicity,NO return
Overdose,Overdose,NO return
Overweight,Overweight,NO return
Overwork,Overwork,NO return
Oxytocin,Oxytocin,NO return
Paedophilia,Paedophilia,NO return
Pain,Pain,NO return
Pallor,Pallor,NO return
Palpitations,Palpitations,NO return
Pancreatectomy,Pancreatectomy,NO return
Pancreaticoduodenectomy,Pancreaticoduodenectomy,NO return
Pancreatitis,Pancreatitis,NO return
Pancytopenia,Pancytopenia,NO return
Panniculitis,Panniculitis,NO return
Panophthalmitis,Panophthalmitis,NO return
Papillitis,Papillitis,NO return
Papilloedema,Papilloedema,NO return
Papilloma,Papilloma,NO return
Papule,Papule,NO return
Paraesthesia,Paraesthesia,NO return
Paragonimiasis,Paragonimiasis,NO return
Paralysis,Paralysis,NO return
Parametritis,Parametritis,NO return
Paramnesia,Paramnesia,NO return
Paranoia,Paranoia,NO return
Paraparesis,Paraparesis,NO return
Paraphilia,Paraphilia,NO return
Paraplegia,Paraplegia,NO return
Parapsoriasis,Parapsoriasis,NO return
Parasystole,Parasystole,NO return
Parathyroidectomy,Parathyroidectomy,NO return
Paravaccinia,Paravaccinia,NO return
Paresis,Paresis,NO return
Parity,Parity,NO return
Parkinsonism,Parkinsonism,NO return
Paronychia,Paronychia,NO return
Parosmia,Parosmia,NO return
Parotidectomy,Parotidectomy,NO return
Parotitis,Parotitis,NO return
Patellectomy,Patellectomy,NO return
PCO2,PCO2,NO return
Pemphigoid,Pemphigoid,NO return
Pemphigus,Pemphigus,NO return
Periarthritis,Periarthritis,NO return
Pericarditis,Pericarditis,NO return
Pericoronitis,Pericoronitis,NO return
Perineoplasty,Perineoplasty,NO return
Perineotomy,Perineotomy,NO return
Periodontitis,Periodontitis,NO return
Periostitis,Periostitis,NO return
Peritonitis,Peritonitis,NO return
Perseveration,Perseveration,NO return
Pertussis,Pertussis,NO return
Petechiae,Petechiae,NO return
Petrositis,Petrositis,NO return
Phaeochromocytoma,Phaeochromocytoma,NO return
Pharyngitis,Pharyngitis,NO return
Phenylketonuria,Phenylketonuria,NO return
Phimosis,Phimosis,NO return
Phlebitis,Phlebitis,NO return
Phobia,Phobia,NO return
Photokeratitis,Photokeratitis,NO return
Photoonycholysis,Photoonycholysis,NO return
Photophobia,Photophobia,NO return
Photopsia,Photopsia,NO return
Physiotherapy,Physiotherapy,NO return
Pica,Pica,NO return
Piloerection,Piloerection,NO return
Pinealoma,Pinealoma,NO return
Pineocytoma,Pineocytoma,NO return
Pinguecula,Pinguecula,NO return
Pinta,Pinta,NO return
Pithiatism,Pithiatism,NO return
Pityriasis,Pityriasis,NO return
Plague,Plague,NO return
Plasmacytoma,Plasmacytoma,NO return
Plasmacytosis,Plasmacytosis,NO return
Plasmapheresis,Plasmapheresis,NO return
Platypnoea,Platypnoea,NO return
Pleocytosis,Pleocytosis,NO return
Pleurectomy,Pleurectomy,NO return
Pleurisy,Pleurisy,NO return
Pleurodesis,Pleurodesis,NO return
Pleuroscopy,Pleuroscopy,NO return
Pleurothotonus,Pleurothotonus,NO return
Pneumaturia,Pneumaturia,NO return
Pneumoconiosis,Pneumoconiosis,NO return
Pneumonectomy,Pneumonectomy,NO return
Pneumonia,Pneumonia,NO return
Pneumonitis,Pneumonitis,NO return
Pneumothorax,Pneumothorax,NO return
PO2,PO2,NO return
Poikilocytosis,Poikilocytosis,NO return
Polioencephalitis,Polioencephalitis,NO return
Poliomyelitis,Poliomyelitis,NO return
Pollakiuria,Pollakiuria,NO return
Pollution,Pollution,NO return
Polyarthritis,Polyarthritis,NO return
Polychromasia,Polychromasia,NO return
Polycythaemia,Polycythaemia,NO return
Polydactyly,Polydactyly,NO return
Polydipsia,Polydipsia,NO return
Polyhydramnios,Polyhydramnios,NO return
Polymenorrhoea,Polymenorrhoea,NO return
Polymyositis,Polymyositis,NO return
Polyneuropathy,Polyneuropathy,NO return
Polyserositis,Polyserositis,NO return
Polyuria,Polyuria,NO return
Porencephaly,Porencephaly,NO return
Poriomania,Poriomania,NO return
Porokeratosis,Porokeratosis,NO return
Porphyria,Porphyria,NO return
Porphyrinuria,Porphyrinuria,NO return
Portoenterostomy,Portoenterostomy,NO return
Posturing,Posturing,NO return
Pouchitis,Pouchitis,NO return
Poverty,Poverty,NO return
Premedication,Premedication,NO return
Prealbumin,Prealbumin,NO return
Pregnancy,Pregnancy,NO return
Presbyacusis,Presbyacusis,NO return
Presbyopia,Presbyopia,NO return
Presyncope,Presyncope,NO return
Priapism,Priapism,NO return
Primigravida,Primigravida,NO return
Primiparous,Primiparous,NO return
Proctalgia,Proctalgia,NO return
Proctitis,Proctitis,NO return
Proctoscopy,Proctoscopy,NO return
Progeria,Progeria,NO return
Promiscuity,Promiscuity,NO return
Prophylaxis,Prophylaxis,NO return
Prostatism,Prostatism,NO return
Prostatitis,Prostatitis,NO return
Proteinuria,Proteinuria,NO return
Prurigo,Prurigo,NO return
Pruritus,Pruritus,NO return
Pseudoaldosteronism,Pseudoaldosteronism,NO return
Pseudohermaphroditism,Pseudohermaphroditism,NO return
Pseudohypoparathyroidism,Pseudohypoparathyroidism,NO return
Pseudolymphoma,Pseudolymphoma,NO return
Pseudopapilloedema,Pseudopapilloedema,NO return
Pseudopolyposis,Pseudopolyposis,NO return
Pseudoporphyria,Pseudoporphyria,NO return
Pseudopterygium,Pseudopterygium,NO return
Psittacosis,Psittacosis,NO return
Psoriasis,Psoriasis,NO return
Psorospermiasis,Psorospermiasis,NO return
Psychotherapy,Psychotherapy,NO return
Pterygium,Pterygium,NO return
Puberty,Puberty,NO return
Purging,Purging,NO return
Purpura,Purpura,NO return
Pustule,Pustule,NO return
PUVA,PUVA,NO return
Pyelitis,Pyelitis,NO return
Pyelonephritis,Pyelonephritis,NO return
Pyeloplasty,Pyeloplasty,NO return
Pyloromyotomy,Pyloromyotomy,NO return
Pyloroplasty,Pyloroplasty,NO return
Pylorospasm,Pylorospasm,NO return
Pyoderma,Pyoderma,NO return
Pyometra,Pyometra,NO return
Pyomyositis,Pyomyositis,NO return
Pyonephrosis,Pyonephrosis,NO return
Pyrexia,Pyrexia,NO return
Pyromania,Pyromania,NO return
Pyuria,Pyuria,NO return
Quadriplegia,Quadriplegia,NO return
Rabies,Rabies,NO return
Radiculopathy,Radiculopathy,NO return
Radiculotomy,Radiculotomy,NO return
Radiotherapy,Radiotherapy,NO return
Rales,Rales,NO return
Ranula,Ranula,NO return
Rash,Rash,NO return
Rectocele,Rectocele,NO return
Reflexology,Reflexology,NO return
Reinfusion,Reinfusion,NO return
Renin,Renin,NO return
Reocclusion,Reocclusion,NO return
Restlessness,Restlessness,NO return
Resuscitation,Resuscitation,NO return
Retching,Retching,NO return
Reticulocytopenia,Reticulocytopenia,NO return
Reticulocytosis,Reticulocytosis,NO return
Retinitis,Retinitis,NO return
Retinoblastoma,Retinoblastoma,NO return
Retinopathy,Retinopathy,NO return
Retirement,Retirement,NO return
Rhabdomyolysis,Rhabdomyolysis,NO return
Rhabdomyoma,Rhabdomyoma,NO return
Rhabdomyosarcoma,Rhabdomyosarcoma,NO return
Rhinitis,Rhinitis,NO return
Rhinophyma,Rhinophyma,NO return
Rhinoplasty,Rhinoplasty,NO return
Rhinorrhoea,Rhinorrhoea,NO return
Rhinoscleroma,Rhinoscleroma,NO return
Rhinosporidiosis,Rhinosporidiosis,NO return
Rhonchi,Rhonchi,NO return
Rickets,Rickets,NO return
Rickettsialpox,Rickettsialpox,NO return
Rosacea,Rosacea,NO return
Roseola,Roseola,NO return
Rubella,Rubella,NO return
Sacroiliitis,Sacroiliitis,NO return
Sadism,Sadism,NO return
Salmonellosis,Salmonellosis,NO return
Salpingectomy,Salpingectomy,NO return
Salpingitis,Salpingitis,NO return
Salpingogram,Salpingogram,NO return
Salpingolysis,Salpingolysis,NO return
Sarcoidosis,Sarcoidosis,NO return
Sarcoma,Sarcoma,NO return
Sarcomatosis,Sarcomatosis,NO return
Scab,Scab,NO return
Scar,Scar,NO return
Schistosomiasis,Schistosomiasis,NO return
Schizophrenia,Schizophrenia,NO return
Schwannoma,Schwannoma,NO return
Sciatica,Sciatica,NO return
Sclerema,Sclerema,NO return
Scleritis,Scleritis,NO return
Scleroderma,Scleroderma,NO return
Sclerotherapy,Sclerotherapy,NO return
Scoliosis,Scoliosis,NO return
Scratch,Scratch,NO return
Screaming,Screaming,NO return
Seborrhoea,Seborrhoea,NO return
Sedation,Sedation,NO return
Seizure,Seizure,NO return
Seminoma,Seminoma,NO return
Sepsis,Sepsis,NO return
Seroma,Seroma,NO return
Shock,Shock,NO return
Shoplifting,Shoplifting,NO return
Sialoadenitis,Sialoadenitis,NO return
Sigmoidoscopy,Sigmoidoscopy,NO return
Silicosis,Silicosis,NO return
Sinusitis,Sinusitis,NO return
Sluggishness,Sluggishness,NO return
Smallpox,Smallpox,NO return
Sneezing,Sneezing,NO return
Snoring,Snoring,NO return
Soliloquy,Soliloquy,NO return
Somatostatinoma,Somatostatinoma,NO return
Somnambulism,Somnambulism,NO return
Somnolence,Somnolence,NO return
Spermatocele,Spermatocele,NO return
Spermatorrhoea,Spermatorrhoea,NO return
Spherophakia,Spherophakia,NO return
Spirometry,Spirometry,NO return
Splenectomy,Splenectomy,NO return
Splenomegaly,Splenomegaly,NO return
Splinter,Splinter,NO return
Sporotrichosis,Sporotrichosis,NO return
Stapedectomy,Stapedectomy,NO return
Staphyloma,Staphyloma,NO return
Staring,Staring,NO return
Starvation,Starvation,NO return
Steatorrhoea,Steatorrhoea,NO return
Stereotypy,Stereotypy,NO return
Stillbirth,Stillbirth,NO return
Stomatitis,Stomatitis,NO return
Strabismus,Strabismus,NO return
Strangury,Strangury,NO return
Stress,Stress,NO return
Stridor,Stridor,NO return
Strongyloidiasis,Strongyloidiasis,NO return
Stupor,Stupor,NO return
Sulphaemoglobinaemia,Sulphaemoglobinaemia,NO return
Sunburn,Sunburn,NO return
Superinfection,Superinfection,NO return
Superovulation,Superovulation,NO return
Surgery,Surgery,NO return
Suspiciousness,Suspiciousness,NO return
Swelling,Swelling,NO return
Symblepharon,Symblepharon,NO return
Sympathectomy,Sympathectomy,NO return
Symphysiolysis,Symphysiolysis,NO return
Syncope,Syncope,NO return
Syndactyly,Syndactyly,NO return
Synostosis,Synostosis,NO return
Synovectomy,Synovectomy,NO return
Synovitis,Synovitis,NO return
Syringomyelia,Syringomyelia,NO return
Tachycardia,Tachycardia,NO return
Tachyphylaxis,Tachyphylaxis,NO return
Tachypnoea,Tachypnoea,NO return
Taeniasis,Taeniasis,NO return
Talipes,Talipes,NO return
Tangentiality,Tangentiality,NO return
Tanning,Tanning,NO return
Tattoo,Tattoo,NO return
Tearfulness,Tearfulness,NO return
Teething,Teething,NO return
Telangiectasia,Telangiectasia,NO return
Tenderness,Tenderness,NO return
Tendonitis,Tendonitis,NO return
Tenorrhaphy,Tenorrhaphy,NO return
Tenosynovitis,Tenosynovitis,NO return
Tenotomy,Tenotomy,NO return
Tension,Tension,NO return
Teratogenicity,Teratogenicity,NO return
Teratoma,Teratoma,NO return
Tetanus,Tetanus,NO return
Tetany,Tetany,NO return
Thalassaemia,Thalassaemia,NO return
Theft,Theft,NO return
Thermogram,Thermogram,NO return
Thirst,Thirst,NO return
Thoracoplasty,Thoracoplasty,NO return
Thoracotomy,Thoracotomy,NO return
Thrombasthenia,Thrombasthenia,NO return
Thrombectomy,Thrombectomy,NO return
Thrombocytopenia,Thrombocytopenia,NO return
Thrombocytosis,Thrombocytosis,NO return
Thrombolysis,Thrombolysis,NO return
Thrombophlebitis,Thrombophlebitis,NO return
Thrombosis,Thrombosis,NO return
Thymectomy,Thymectomy,NO return
Thymoma,Thymoma,NO return
Thyroiditis,Thyroiditis,NO return
Thyroxine,Thyroxine,NO return
Tic,Tic,NO return
Tinnitus,Tinnitus,NO return
Tonsillectomy,Tonsillectomy,NO return
Tonsillitis,Tonsillitis,NO return
Toothache,Toothache,NO return
Torticollis,Torticollis,NO return
Toxocariasis,Toxocariasis,NO return
Toxoplasmosis,Toxoplasmosis,NO return
Trabeculectomy,Trabeculectomy,NO return
Tracheitis,Tracheitis,NO return
Tracheobronchitis,Tracheobronchitis,NO return
Tracheobronchomegaly,Tracheobronchomegaly,NO return
Tracheostomy,Tracheostomy,NO return
Trachoma,Trachoma,NO return
Trance,Trance,NO return
Transferrin,Transferrin,NO return
Transvestism,Transvestism,NO return
Tremor,Tremor,NO return
Trepopnoea,Trepopnoea,NO return
Trichiasis,Trichiasis,NO return
Trichiniasis,Trichiniasis,NO return
Trichomegaly,Trichomegaly,NO return
Trichomoniasis,Trichomoniasis,NO return
Trichorrhexis,Trichorrhexis,NO return
Trichostrongyliasis,Trichostrongyliasis,NO return
Trichothiodystrophy,Trichothiodystrophy,NO return
Trichotillomania,Trichotillomania,NO return
Trichuriasis,Trichuriasis,NO return
Trigonitis,Trigonitis,NO return
Trismus,Trismus,NO return
Truancy,Truancy,NO return
Trypanosomiasis,Trypanosomiasis,NO return
Tuberculid,Tuberculid,NO return
Tuberculosis,Tuberculosis,NO return
Tularaemia,Tularaemia,NO return
Turbinectomy,Turbinectomy,NO return
Tympanometry,Tympanometry,NO return
Tympanoplasty,Tympanoplasty,NO return
Tympanosclerosis,Tympanosclerosis,NO return
Ulcer,Ulcer,NO return
Unemployment,Unemployment,NO return
Ureterectomy,Ureterectomy,NO return
Ureterolithotomy,Ureterolithotomy,NO return
Ureteroscopy,Ureteroscopy,NO return
Urethritis,Urethritis,NO return
Urobilinuria,Urobilinuria,NO return
Urostomy,Urostomy,NO return
Urticaria,Urticaria,NO return
Uveitis,Uveitis,NO return
Vagotomy,Vagotomy,NO return
Varicella,Varicella,NO return
Varicocele,Varicocele,NO return
Vasculitis,Vasculitis,NO return
Vasectomy,Vasectomy,NO return
Vasoconstriction,Vasoconstriction,NO return
Vasodilatation,Vasodilatation,NO return
Vasospasm,Vasospasm,NO return
Vegan,Vegan,NO return
Vegetarian,Vegetarian,NO return
Venogram,Venogram,NO return
Verbigeration,Verbigeration,NO return
Vertigo,Vertigo,NO return
Vipoma,Vipoma,NO return
Virilism,Virilism,NO return
Vitiligo,Vitiligo,NO return
Vitrectomy,Vitrectomy,NO return
Vitritis,Vitritis,NO return
Volvulus,Volvulus,NO return
Vomiting,Vomiting,NO return
Voyeurism,Voyeurism,NO return
Vulvectomy,Vulvectomy,NO return
Vulvitis,Vulvitis,NO return
Vulvovaginitis,Vulvovaginitis,NO return
Weight,Weight,NO return
Wheezing,Wheezing,NO return
Xanthelasma,Xanthelasma,NO return
Xanthochromia,Xanthochromia,NO return
Xanthoma,Xanthoma,NO return
Xanthomatosis,Xanthomatosis,NO return
Xanthopsia,Xanthopsia,NO return
Xeroderma,Xeroderma,NO return
Xerophthalmia,Xerophthalmia,NO return
Xerosis,Xerosis,NO return
Yawning,Yawning,NO return
Yaws,Yaws,NO return
Zoonosis,Zoonosis,NO return
Pneumoperitoneum,Pneumoperitoneum,NO return
Fibromyalgia,Fibromyalgia,NO return
Hypervigilance,Hypervigilance,NO return
Ophthalmodynamometry,Ophthalmodynamometry,NO return
Plagiocephaly,Plagiocephaly,NO return
Cardiotoxicity,Cardiotoxicity,NO return
Cholaemia,Cholaemia,NO return
Hydrothorax,Hydrothorax,NO return
Pseudarthrosis,Pseudarthrosis,NO return
Lymphocele,Lymphocele,NO return
Agnosia,Agnosia,NO return
Liposuction,Liposuction,NO return
Homocystinaemia,Homocystinaemia,NO return
Urosepsis,Urosepsis,NO return
Pneumopericardium,Pneumopericardium,NO return
Phakomatosis,Phakomatosis,NO return
Pneumocephalus,Pneumocephalus,NO return
Oncocytoma,Oncocytoma,NO return
Dermatosis,Dermatosis,NO return
Tocolysis,Tocolysis,NO return
Autophony,Autophony,NO return
Underweight,Underweight,NO return
Epiduroscopy,Epiduroscopy,NO return
Hemiapraxia,Hemiapraxia,NO return
Hypoacusis,Hypoacusis,NO return
Phlebectomy,Phlebectomy,NO return
Synoviorthesis,Synoviorthesis,NO return
Onychoclasis,Onychoclasis,NO return
Cystometrogram,Cystometrogram,NO return
Boredom,Boredom,NO return
Pachygyria,Pachygyria,NO return
Lissencephaly,Lissencephaly,NO return
Otoscopy,Otoscopy,NO return
Angiolipoma,Angiolipoma,NO return
Bedridden,Bedridden,NO return
Lymphadenectomy,Lymphadenectomy,NO return
Gastrostomy,Gastrostomy,NO return
Sinobronchitis,Sinobronchitis,NO return
Erythrocyanosis,Erythrocyanosis,NO return
Leukoencephalomyelitis,Leukoencephalomyelitis,NO return
Sialectasia,Sialectasia,NO return
Osteopenia,Osteopenia,NO return
Decerebration,Decerebration,NO return
Dysmorphophobia,Dysmorphophobia,NO return
Pyelocystitis,Pyelocystitis,NO return
Pharyngotonsillitis,Pharyngotonsillitis,NO return
Choledochoenterostomy,Choledochoenterostomy,NO return
Plethysmography,Plethysmography,NO return
Urethrotomy,Urethrotomy,NO return
Adactyly,Adactyly,NO return
Monopodia,Monopodia,NO return
Oxalosis,Oxalosis,NO return
Arthrectomy,Arthrectomy,NO return
Lymphoblastosis,Lymphoblastosis,NO return
Onychomadesis,Onychomadesis,NO return
Scaphocephaly,Scaphocephaly,NO return
Fibromatosis,Fibromatosis,NO return
Tachyarrhythmia,Tachyarrhythmia,NO return
Lymphangioleiomyomatosis,Lymphangioleiomyomatosis,NO return
Erythroblastosis,Erythroblastosis,NO return
Cervicectomy,Cervicectomy,NO return
Anisochromia,Anisochromia,NO return
Antipyresis,Antipyresis,NO return
Peritonsillitis,Peritonsillitis,NO return
Cholecystocholangitis,Cholecystocholangitis,NO return
Hypercatabolism,Hypercatabolism,NO return
Dyscalculia,Dyscalculia,NO return
Quadriparesis,Quadriparesis,NO return
Dysacusis,Dysacusis,NO return
Bradyarrhythmia,Bradyarrhythmia,NO return
Pseudophaeochromocytoma,Pseudophaeochromocytoma,NO return
Endosalpingiosis,Endosalpingiosis,NO return
Colorectostomy,Colorectostomy,NO return
Chrysiasis,Chrysiasis,NO return
Craniosynostosis,Craniosynostosis,NO return
Hypophosphatasia,Hypophosphatasia,NO return
Lipogranuloma,Lipogranuloma,NO return
Impatience,Impatience,NO return
Nephrostomy,Nephrostomy,NO return
Pupillotonia,Pupillotonia,NO return
Bradyphrenia,Bradyphrenia,NO return
Abulia,Abulia,NO return
Panmyelopathy,Panmyelopathy,NO return
Exeresis,Exeresis,NO return
Lipomeningocele,Lipomeningocele,NO return
Urinoma,Urinoma,NO return
Ochlophobia,Ochlophobia,NO return
Phagophobia,Phagophobia,NO return
Electroneuromyography,Electroneuromyography,NO return
Autopsy,Autopsy,NO return
Posturography,Posturography,NO return
Culdocentesis,Culdocentesis,NO return
Hysteroscopy,Hysteroscopy,NO return
Urethroscopy,Urethroscopy,NO return
Electroneurography,Electroneurography,NO return
Colocentesis,Colocentesis,NO return
Meningoradiculitis,Meningoradiculitis,NO return
Macrocephaly,Macrocephaly,NO return
Pneumomediastinum,Pneumomediastinum,NO return
Teratospermia,Teratospermia,NO return
Dysstasia,Dysstasia,NO return
Melorheostosis,Melorheostosis,NO return
Aldolase,Aldolase,NO return
Ammonia,Ammonia,NO return
Cystorrhaphy,Cystorrhaphy,NO return
Splenosis,Splenosis,NO return
Hyperkaliuria,Hyperkaliuria,NO return
Subileus,Subileus,NO return
Haematosalpinx,Haematosalpinx,NO return
Pinealoblastoma,Pinealoblastoma,NO return
Traction,Traction,NO return
Sinoscopy,Sinoscopy,NO return
Hyposmia,Hyposmia,NO return
Contusion,Contusion,NO return
Edentulous,Edentulous,NO return
Ceruloplasmin,Ceruloplasmin,NO return
Leukonychia,Leukonychia,NO return
Lipase,Lipase,NO return
Haptoglobin,Haptoglobin,NO return
Hypochromasia,Hypochromasia,NO return
Leukocyturia,Leukocyturia,NO return
Hyperchromasia,Hyperchromasia,NO return
Megakaryocytes,Megakaryocytes,NO return
Norepinephrine,Norepinephrine,NO return
Osteocalcin,Osteocalcin,NO return
Hypocalciuria,Hypocalciuria,NO return
Lymphorrhoea,Lymphorrhoea,NO return
Hyperfibrinogenaemia,Hyperfibrinogenaemia,NO return
Hypofibrinogenaemia,Hypofibrinogenaemia,NO return
Mastoptosis,Mastoptosis,NO return
Myeloblastoma,Myeloblastoma,NO return
Hyperglucagonaemia,Hyperglucagonaemia,NO return
Adenoiditis,Adenoiditis,NO return
Akinaesthesia,Akinaesthesia,NO return
Chylothorax,Chylothorax,NO return
Cryofibrinogenaemia,Cryofibrinogenaemia,NO return
Hypermethioniuria,Hypermethioniuria,NO return
Hyperphosphaturia,Hyperphosphaturia,NO return
Hypophonesis,Hypophonesis,NO return
Madarosis,Madarosis,NO return
Dyschezia,Dyschezia,NO return
Hypermethioninaemia,Hypermethioninaemia,NO return
Photodermatosis,Photodermatosis,NO return
Circumcised,Circumcised,NO return
Uncircumcised,Uncircumcised,NO return
Ureteritis,Ureteritis,NO return
Xanthogranuloma,Xanthogranuloma,NO return
Pancreatolithiasis,Pancreatolithiasis,NO return
Ochronosis,Ochronosis,NO return
Adrenoleukodystrophy,Adrenoleukodystrophy,NO return
Sclerodactylia,Sclerodactylia,NO return
Spondyloarthropathy,Spondyloarthropathy,NO return
Hyperhomocysteinaemia,Hyperhomocysteinaemia,NO return
Hyperuricosuria,Hyperuricosuria,NO return
Diapedesis,Diapedesis,NO return
Dysentery,Dysentery,NO return
Acupressure,Acupressure,NO return
Iridocele,Iridocele,NO return
Myometritis,Myometritis,NO return
Myoplasty,Myoplasty,NO return
Nephrectasia,Nephrectasia,NO return
Nitrituria,Nitrituria,NO return
Pharyngectomy,Pharyngectomy,NO return
Phlebolith,Phlebolith,NO return
Pneumocentesis,Pneumocentesis,NO return
Proctoparalysis,Proctoparalysis,NO return
Proctoplasty,Proctoplasty,NO return
Proctotomy,Proctotomy,NO return
Prognathism,Prognathism,NO return
Prostatomegaly,Prostatomegaly,NO return
Prostatovesiculitis,Prostatovesiculitis,NO return
Pyelotomy,Pyelotomy,NO return
Pylorectomy,Pylorectomy,NO return
Rhinalgia,Rhinalgia,NO return
Rhinotracheitis,Rhinotracheitis,NO return
Amusia,Amusia,NO return
Sialocele,Sialocele,NO return
Splenorrhaphy,Splenorrhaphy,NO return
Sternotomy,Sternotomy,NO return
Chondromatosis,Chondromatosis,NO return
Leukapheresis,Leukapheresis,NO return
Cytapheresis,Cytapheresis,NO return
Carotidynia,Carotidynia,NO return
Chylomicrons,Chylomicrons,NO return
Laziness,Laziness,NO return
Ammoniuria,Ammoniuria,NO return
Amniorrhexis,Amniorrhexis,NO return
Encephalotomy,Encephalotomy,NO return
Pachydermoperiostosis,Pachydermoperiostosis,NO return
Sympathicotonia,Sympathicotonia,NO return
Vaginectomy,Vaginectomy,NO return
Calciphylaxis,Calciphylaxis,NO return
Erythrocytapheresis,Erythrocytapheresis,NO return
Plateletpheresis,Plateletpheresis,NO return
Fluctuance,Fluctuance,NO return
Galactography,Galactography,NO return
Oddiplasty,Oddiplasty,NO return
Postmenopause,Postmenopause,NO return
Pseudosarcoma,Pseudosarcoma,NO return
Myelocytosis,Myelocytosis,NO return
Angiomyolipoma,Angiomyolipoma,NO return
Eschar,Eschar,NO return
Encephalomalacia,Encephalomalacia,NO return
Cyanopsia,Cyanopsia,NO return
Sordes,Sordes,NO return
Retrognathia,Retrognathia,NO return
Prostitute,Prostitute,NO return
Adrenomegaly,Adrenomegaly,NO return
Cholesterosis,Cholesterosis,NO return
Oesophagocardiomyotomy,Oesophagocardiomyotomy,NO return
Glomerulonephropathy,Glomerulonephropathy,NO return
Haematinuria,Haematinuria,NO return
Hypercholia,Hypercholia,NO return
Lymphadenocyst,Lymphadenocyst,NO return
Lymphoplasia,Lymphoplasia,NO return
Osteorrhagia,Osteorrhagia,NO return
Ovariocentesis,Ovariocentesis,NO return
Uvulectomy,Uvulectomy,NO return
Uvulitis,Uvulitis,NO return
Pneumatosis,Pneumatosis,NO return
Spondylolysis,Spondylolysis,NO return
Neuroborreliosis,Neuroborreliosis,NO return
Oscillopsia,Oscillopsia,NO return
Hydrometra,Hydrometra,NO return
Dellen,Dellen,NO return
Glare,Glare,NO return
Pseudohyperkalaemia,Pseudohyperkalaemia,NO return
Nephroangiosclerosis,Nephroangiosclerosis,NO return
Pseudodementia,Pseudodementia,NO return
Rachiotomy,Rachiotomy,NO return
Wound,Wound,NO return
Myofascitis,Myofascitis,NO return
Meningorrhagia,Meningorrhagia,NO return
Oroticaciduria,Oroticaciduria,NO return
Macrognathia,Macrognathia,NO return
Thalamotomy,Thalamotomy,NO return
Epiglottidectomy,Epiglottidectomy,NO return
Laryngorrhaphy,Laryngorrhaphy,NO return
Laryngopharyngectomy,Laryngopharyngectomy,NO return
Zonulolysis,Zonulolysis,NO return
Uvuloplasty,Uvuloplasty,NO return
Ureteroneocystostomy,Ureteroneocystostomy,NO return
Ureterocelectomy,Ureterocelectomy,NO return
Tracheoscopy,Tracheoscopy,NO return
Trabeculoplasty,Trabeculoplasty,NO return
Diaphragmalgia,Diaphragmalgia,NO return
Micromastia,Micromastia,NO return
Phlebosclerosis,Phlebosclerosis,NO return
Aerophagia,Aerophagia,NO return
Cardioplegia,Cardioplegia,NO return
Chondrectomy,Chondrectomy,NO return
Choledochectomy,Choledochectomy,NO return
Choledochostomy,Choledochostomy,NO return
Cholelithotomy,Cholelithotomy,NO return
Cingulectomy,Cingulectomy,NO return
Coccygectomy,Coccygectomy,NO return
Conjunctivoplasty,Conjunctivoplasty,NO return
Craniectomy,Craniectomy,NO return
Dacryocystectomy,Dacryocystectomy,NO return
Laryngostomy,Laryngostomy,NO return
Chemonucleolysis,Chemonucleolysis,NO return
Injection,Injection,NO return
Ileocolostomy,Ileocolostomy,NO return
Hysterosalpingectomy,Hysterosalpingectomy,NO return
Hepaticojejunostomy,Hepaticojejunostomy,NO return
Oesophagostomy,Oesophagostomy,NO return
Oesophagogastroduodenoscopy,Oesophagogastroduodenoscopy,NO return
Oesophagogastroscopy,Oesophagogastroscopy,NO return
Oesophagram,Oesophagram,NO return
Escharotomy,Escharotomy,NO return
Enteroclysis,Enteroclysis,NO return
Duodenostomy,Duodenostomy,NO return
Haemofiltration,Haemofiltration,NO return
Hydroxyprolinuria,Hydroxyprolinuria,NO return
Oligodipsia,Oligodipsia,NO return
Hydroxyprolinaemia,Hydroxyprolinaemia,NO return
Leukocoria,Leukocoria,NO return
Epidermolysis,Epidermolysis,NO return
Leukotomy,Leukotomy,NO return
Discogram,Discogram,NO return
Amimia,Amimia,NO return
Rhinomanometry,Rhinomanometry,NO return
Ostectomy,Ostectomy,NO return
Proctosigmoidoscopy,Proctosigmoidoscopy,NO return
Politzerisation,Politzerisation,NO return
Nephroureterectomy,Nephroureterectomy,NO return
Phacocystectomy,Phacocystectomy,NO return
Pancreaticosplenectomy,Pancreaticosplenectomy,NO return
Neurolysis,Neurolysis,NO return
Polypectomy,Polypectomy,NO return
Hydrophobia,Hydrophobia,NO return
Pancreaticojejunostomy,Pancreaticojejunostomy,NO return
Neurorrhaphy,Neurorrhaphy,NO return
Rhinoscopy,Rhinoscopy,NO return
Thermometry,Thermometry,NO return
Endothelin,Endothelin,NO return
Bronchomalacia,Bronchomalacia,NO return
Erythrophagocytosis,Erythrophagocytosis,NO return
Sequestrectomy,Sequestrectomy,NO return
Aneurysmectomy,Aneurysmectomy,NO return
Hemipelvectomy,Hemipelvectomy,NO return
Allodynia,Allodynia,NO return
Pallidotomy,Pallidotomy,NO return
Bronchopneumopathy,Bronchopneumopathy,NO return
Asplenia,Asplenia,NO return
Pachymeningitis,Pachymeningitis,NO return
Ecouvillonage,Ecouvillonage,NO return
Brachycephaly,Brachycephaly,NO return
Kinesitherapy,Kinesitherapy,NO return
Defecography,Defecography,NO return
Sigmoidectomy,Sigmoidectomy,NO return
Abdominoplasty,Abdominoplasty,NO return
Hyposideraemia,Hyposideraemia,NO return
Neurectomy,Neurectomy,NO return
Hemicorporectomy,Hemicorporectomy,NO return
Nodule,Nodule,NO return
Hospitalisation,Hospitalisation,NO return
Vasoepididymostomy,Vasoepididymostomy,NO return
Macroangiopathy,Macroangiopathy,NO return
Hypergonadism,Hypergonadism,NO return
Myolipoma,Myolipoma,NO return
Transaminases,Transaminases,NO return
Dyslogia,Dyslogia,NO return
Metaplasia,Metaplasia,NO return
Phonophobia,Phonophobia,NO return
Dysphemia,Dysphemia,NO return
Melanaemia,Melanaemia,NO return
Neuroglycopenia,Neuroglycopenia,NO return
Koilonychia,Koilonychia,NO return
Bromhidrosis,Bromhidrosis,NO return
Hypodontia,Hypodontia,NO return
Monorchidism,Monorchidism,NO return
Nasoendoscopy,Nasoendoscopy,NO return
Electroglottography,Electroglottography,NO return
Haematocolpos,Haematocolpos,NO return
Haemorrhage,Haemorrhage,NO return
Scleroedema,Scleroedema,NO return
Pericardiotomy,Pericardiotomy,NO return
Adenomyosis,Adenomyosis,NO return
Adhesiolysis,Adhesiolysis,NO return
Palatoplasty,Palatoplasty,NO return
Proctostomy,Proctostomy,NO return
Pseudoparalysis,Pseudoparalysis,NO return
Holoprosencephaly,Holoprosencephaly,NO return
Faecaloma,Faecaloma,NO return
Panencephalitis,Panencephalitis,NO return
Tracheomalacia,Tracheomalacia,NO return
Salpingoplasty,Salpingoplasty,NO return
Ureterocele,Ureterocele,NO return
Erythrosis,Erythrosis,NO return
Lipectomy,Lipectomy,NO return
Pseudoangina,Pseudoangina,NO return
Pseudopolyp,Pseudopolyp,NO return
Apolipoprotein,Apolipoprotein,NO return
Vestibulitis,Vestibulitis,NO return
Pseudocyst,Pseudocyst,NO return
Varicophlebitis,Varicophlebitis,NO return
Egobronchophony,Egobronchophony,NO return
Hydrocholecystis,Hydrocholecystis,NO return
Gingivectomy,Gingivectomy,NO return
Faecalith,Faecalith,NO return
Enterostomy,Enterostomy,NO return
Ileectomy,Ileectomy,NO return
Jejunectomy,Jejunectomy,NO return
Cystoprostatectomy,Cystoprostatectomy,NO return
Oesophagogastrectomy,Oesophagogastrectomy,NO return
Poikiloderma,Poikiloderma,NO return
Pyopneumothorax,Pyopneumothorax,NO return
Platybasia,Platybasia,NO return
Hypophysectomy,Hypophysectomy,NO return
Phagocytosis,Phagocytosis,NO return
Periphlebitis,Periphlebitis,NO return
Daydreaming,Daydreaming,NO return
Micrographia,Micrographia,NO return
Adenolipoma,Adenolipoma,NO return
Onychophagia,Onychophagia,NO return
Underdose,Underdose,NO return
Pyeloscopy,Pyeloscopy,NO return
Canthoplasty,Canthoplasty,NO return
Hippus,Hippus,NO return
Microcornea,Microcornea,NO return
Rhinolaryngitis,Rhinolaryngitis,NO return
Choledocholithotomy,Choledocholithotomy,NO return
Syndesmophyte,Syndesmophyte,NO return
Cyclopia,Cyclopia,NO return
Transplant,Transplant,NO return
Aortogram,Aortogram,NO return
Noctiphobia,Noctiphobia,NO return
Alveoloplasty,Alveoloplasty,NO return
Epulis,Epulis,NO return
Hypoglobulinaemia,Hypoglobulinaemia,NO return
Pseudomononucleosis,Pseudomononucleosis,NO return
Arthrofibrosis,Arthrofibrosis,NO return
Dyslipidaemia,Dyslipidaemia,NO return
Hangnail,Hangnail,NO return
Chondrolysis,Chondrolysis,NO return
Otocephaly,Otocephaly,NO return
Asteatosis,Asteatosis,NO return
Hyperexplexia,Hyperexplexia,NO return
Dysplasia,Dysplasia,NO return
Parakeratosis,Parakeratosis,NO return
Dysgraphia,Dysgraphia,NO return
Splenitis,Splenitis,NO return
Iridodonesis,Iridodonesis,NO return
Hypogonadism,Hypogonadism,NO return
Ergotherapy,Ergotherapy,NO return
Neurocysticercosis,Neurocysticercosis,NO return
Hyperoxia,Hyperoxia,NO return
Ballismus,Ballismus,NO return
Hyperprolinaemia,Hyperprolinaemia,NO return
Hyperthrombinaemia,Hyperthrombinaemia,NO return
Hypothrombinaemia,Hypothrombinaemia,NO return
Hypothromboplastinaemia,Hypothromboplastinaemia,NO return
Serositis,Serositis,NO return
Hypoperfusion,Hypoperfusion,NO return
Clinodactyly,Clinodactyly,NO return
Onychomalacia,Onychomalacia,NO return
Sopor,Sopor,NO return
Myoglobinaemia,Myoglobinaemia,NO return
Nicotinamide,Nicotinamide,NO return
Hyperalbuminaemia,Hyperalbuminaemia,NO return
Acantholysis,Acantholysis,NO return
Viraemia,Viraemia,NO return
Haemobilia,Haemobilia,NO return
Scleromalacia,Scleromalacia,NO return
Bicytopenia,Bicytopenia,NO return
Amyloidoma,Amyloidoma,NO return
Vaginoplasty,Vaginoplasty,NO return
Biloma,Biloma,NO return
Glossoptosis,Glossoptosis,NO return
Cerebrosclerosis,Cerebrosclerosis,NO return
Keratorhexis,Keratorhexis,NO return
Lymphostasis,Lymphostasis,NO return
Angiopathy,Angiopathy,NO return
Macrocornea,Macrocornea,NO return
Phacotrabeculectomy,Phacotrabeculectomy,NO return
Sarcosinaemia,Sarcosinaemia,NO return
Stenocephaly,Stenocephaly,NO return
Vaginoperineoplasty,Vaginoperineoplasty,NO return
Pleuropericarditis,Pleuropericarditis,NO return
Acanthoma,Acanthoma,NO return
Antimetropia,Antimetropia,NO return
Parophthalmia,Parophthalmia,NO return
Faecaluria,Faecaluria,NO return
Venipuncture,Venipuncture,NO return
Chemocauterisation,Chemocauterisation,NO return
Colpocele,Colpocele,NO return
Haemodilution,Haemodilution,NO return
Apoptosis,Apoptosis,NO return
Osteochondroma,Osteochondroma,NO return
Otoplasty,Otoplasty,NO return
Pseudomeningocele,Pseudomeningocele,NO return
Necrobiosis,Necrobiosis,NO return
Phlebotomy,Phlebotomy,NO return
Immunohistochemistry,Immunohistochemistry,NO return
Retinogram,Retinogram,NO return
Adhesion,Adhesion,NO return
Proctocolectomy,Proctocolectomy,NO return
Carnitine,Carnitine,NO return
Infusion,Infusion,NO return
Hydraemia,Hydraemia,NO return
Hypergastrinaemia,Hypergastrinaemia,NO return
Hyperinsulinaemia,Hyperinsulinaemia,NO return
Presbyoesophagus,Presbyoesophagus,NO return
Induration,Induration,NO return
Galactostasis,Galactostasis,NO return
Osmophobia,Osmophobia,NO return
Heteroplasia,Heteroplasia,NO return
Chondrosis,Chondrosis,NO return
Vaginoperineorrhaphy,Vaginoperineorrhaphy,NO return
Laryngomalacia,Laryngomalacia,NO return
Plasminogen,Plasminogen,NO return
Hyperphosphatasaemia,Hyperphosphatasaemia,NO return
Haemoglobinopathy,Haemoglobinopathy,NO return
Alloimmunisation,Alloimmunisation,NO return
Brachytherapy,Brachytherapy,NO return
Dialysis,Dialysis,NO return
Thyroglobulin,Thyroglobulin,NO return
Embolism,Embolism,NO return
Haematotoxicity,Haematotoxicity,NO return
Hamartoma,Hamartoma,NO return
Hyperinsulinism,Hyperinsulinism,NO return
Infarction,Infarction,NO return
Infestation,Infestation,NO return
Inflammation,Inflammation,NO return
Lipomatosis,Lipomatosis,NO return
Lymphangiopathy,Lymphangiopathy,NO return
Ischaemia,Ischaemia,NO return
Malnutrition,Malnutrition,NO return
Malocclusion,Malocclusion,NO return
Myringitis,Myringitis,NO return
Paraproteinaemia,Paraproteinaemia,NO return
Poisoning,Poisoning,NO return
Spondylitis,Spondylitis,NO return
Typhus,Typhus,NO return
Culture,Culture,NO return
Retinoschisis,Retinoschisis,NO return
Rickettsiosis,Rickettsiosis,NO return
Scan,Scan,NO return
Neurofibrosarcoma,Neurofibrosarcoma,NO return
Polyp,Polyp,NO return
Myotonia,Myotonia,NO return
Troponin,Troponin,NO return
Immunodeficiency,Immunodeficiency,NO return
Deformity,Deformity,NO return
Adrenalectomy,Adrenalectomy,NO return
Amputation,Amputation,NO return
Androgens,Androgens,NO return
Angiodysplasia,Angiodysplasia,NO return
Angiogram,Angiogram,NO return
Angiokeratoma,Angiokeratoma,NO return
Apheresis,Apheresis,NO return
Arteriogram,Arteriogram,NO return
Arthrodesis,Arthrodesis,NO return
Barotrauma,Barotrauma,NO return
Chemotherapy,Chemotherapy,NO return
Chondrocalcinosis,Chondrocalcinosis,NO return
Chondropathy,Chondropathy,NO return
Colectomy,Colectomy,NO return
Colporrhaphy,Colporrhaphy,NO return
Cytology,Cytology,NO return
Detoxification,Detoxification,NO return
Dyssomnia,Dyssomnia,NO return
Entropion,Entropion,NO return
Obstruction,Obstruction,NO return
Oophorectomy,Oophorectomy,NO return
Pancreatography,Pancreatography,NO return
Paracentesis,Paracentesis,NO return
Parasomnia,Parasomnia,NO return
Prostatectomy,Prostatectomy,NO return
Purulence,Purulence,NO return
Pyelocaliectasis,Pyelocaliectasis,NO return
Gammopathy,Gammopathy,NO return
Gastrectomy,Gastrectomy,NO return
Oesophagoplasty,Oesophagoplasty,NO return
Glomerulosclerosis,Glomerulosclerosis,NO return
Grimacing,Grimacing,NO return
Haemophilia,Haemophilia,NO return
Hepatectomy,Hepatectomy,NO return
Hepatoblastoma,Hepatoblastoma,NO return
Histology,Histology,NO return
Immunosuppression,Immunosuppression,NO return
Investigation,Investigation,NO return
Leukoplakia,Leukoplakia,NO return
Lithotripsy,Lithotripsy,NO return
Manipulation,Manipulation,NO return
Hyperlipidaemia,Hyperlipidaemia,NO return
Perichondritis,Perichondritis,NO return
Sterilisation,Sterilisation,NO return
Syphilis,Syphilis,NO return
Thyroidectomy,Thyroidectomy,NO return
Metastasis,Metastasis,NO return
Microangiopathy,Microangiopathy,NO return
Mononeuropathy,Mononeuropathy,NO return
Adrenalitis,Adrenalitis,NO return
Osteoprotegerin,Osteoprotegerin,NO return
Lipohypertrophy,Lipohypertrophy,NO return
Tenodesis,Tenodesis,NO return
Necromania,Necromania,NO return
Cementoblastoma,Cementoblastoma,NO return
Nematodiasis,Nematodiasis,NO return
Dysglobulinaemia,Dysglobulinaemia,NO return
Carditis,Carditis,NO return
Hypercreatininaemia,Hypercreatininaemia,NO return
Andropause,Andropause,NO return
Hypophysitis,Hypophysitis,NO return
Hyperamylasaemia,Hyperamylasaemia,NO return
Caecectomy,Caecectomy,NO return
Pingueculitis,Pingueculitis,NO return
Gastrolithiasis,Gastrolithiasis,NO return
Hysteropexy,Hysteropexy,NO return
Haematotympanum,Haematotympanum,NO return
Sarcopenia,Sarcopenia,NO return
Atherectomy,Atherectomy,NO return
Effusion,Effusion,NO return
Chorioretinopathy,Chorioretinopathy,NO return
Erythroplasia,Erythroplasia,NO return
Gastropexy,Gastropexy,NO return
Nephropexy,Nephropexy,NO return
Hydroxyproline,Hydroxyproline,NO return
Amphetamines,Amphetamines,NO return
Barbiturates,Barbiturates,NO return
Opiates,Opiates,NO return
Tryptase,Tryptase,NO return
Fructose,Fructose,NO return
Oestrone,Oestrone,NO return
Progesterone,Progesterone,NO return
Phytotherapy,Phytotherapy,NO return
Metamorphopsia,Metamorphopsia,NO return
Intellectualisation,Intellectualisation,NO return
Photocoagulation,Photocoagulation,NO return
Balneotherapy,Balneotherapy,NO return
Acarodermatitis,Acarodermatitis,NO return
Lumbarisation,Lumbarisation,NO return
Tyrosinaemia,Tyrosinaemia,NO return
Chitotriosidase,Chitotriosidase,NO return
Nosophobia,Nosophobia,NO return
Spondylolisthesis,Spondylolisthesis,NO return
Vertebroplasty,Vertebroplasty,NO return
Porocarcinoma,Porocarcinoma,NO return
Bronchoplasty,Bronchoplasty,NO return
Testotoxicosis,Testotoxicosis,NO return
Aversion,Aversion,NO return
Semenuria,Semenuria,NO return
Hypophagia,Hypophagia,NO return
Oversensing,Oversensing,NO return
Undersensing,Undersensing,NO return
Visceroptosis,Visceroptosis,NO return
Arachnodactyly,Arachnodactyly,NO return
Multimorbidity,Multimorbidity,NO return
Dolichocolon,Dolichocolon,NO return
Phototherapy,Phototherapy,NO return
Ileocolectomy,Ileocolectomy,NO return
Lipoedema,Lipoedema,NO return
Tonsillolith,Tonsillolith,NO return
Phytosterolaemia,Phytosterolaemia,NO return
Polymenorrhagia,Polymenorrhagia,NO return
Procalcitonin,Procalcitonin,NO return
Suggestibility,Suggestibility,NO return
Sternitis,Sternitis,NO return
Conjunctivochalasis,Conjunctivochalasis,NO return
Laminaplasty,Laminaplasty,NO return
Pentosuria,Pentosuria,NO return
Uvulopalatopharyngoplasty,Uvulopalatopharyngoplasty,NO return
Onychalgia,Onychalgia,NO return
Omphalorrhexis,Omphalorrhexis,NO return
Pharyngoscopy,Pharyngoscopy,NO return
Haematidrosis,Haematidrosis,NO return
Photaugiaphobia,Photaugiaphobia,NO return
Gustometry,Gustometry,NO return
Funisitis,Funisitis,NO return
Salpingostomy,Salpingostomy,NO return
Myosclerosis,Myosclerosis,NO return
Symphysiotomy,Symphysiotomy,NO return
Hysterocele,Hysterocele,NO return
Thanatophobia,Thanatophobia,NO return
Dactylitis,Dactylitis,NO return
Plateletcrit,Plateletcrit,NO return
Ligamentitis,Ligamentitis,NO return
Tachyphrenia,Tachyphrenia,NO return
Duodenoenterostomy,Duodenoenterostomy,NO return
Pneumocardiogram,Pneumocardiogram,NO return
Creatorrhoea,Creatorrhoea,NO return
Hyperaluminaemia,Hyperaluminaemia,NO return
Hypospermia,Hypospermia,NO return
Sacralisation,Sacralisation,NO return
Thromboembolectomy,Thromboembolectomy,NO return
Pseudosepsis,Pseudosepsis,NO return
Chondroplasty,Chondroplasty,NO return
Broncholithiasis,Broncholithiasis,NO return
Urogram,Urogram,NO return
Fistulogram,Fistulogram,NO return
Polychondritis,Polychondritis,NO return
Pseudovasculitis,Pseudovasculitis,NO return
Omphalectomy,Omphalectomy,NO return
Electrodesiccation,Electrodesiccation,NO return
Diverticulectomy,Diverticulectomy,NO return
Culdoplasty,Culdoplasty,NO return
Hyperchloruria,Hyperchloruria,NO return
Blepharectomy,Blepharectomy,NO return
Hyperthecosis,Hyperthecosis,NO return
Orbitotomy,Orbitotomy,NO return
Papillophlebitis,Papillophlebitis,NO return
Capsulorrhaphy,Capsulorrhaphy,NO return
Craniotabes,Craniotabes,NO return
Acrotrophodynia,Acrotrophodynia,NO return
Angiodermatitis,Angiodermatitis,NO return
Photopheresis,Photopheresis,NO return
CADASIL,CADASIL,NO return
Tenolysis,Tenolysis,NO return
Vasoligation,Vasoligation,NO return
Hyperandrogenism,Hyperandrogenism,NO return
Dysponesis,Dysponesis,NO return
Dermatillomania,Dermatillomania,NO return
Prehypertension,Prehypertension,NO return
Hyperpathia,Hyperpathia,NO return
Stubbornness,Stubbornness,NO return
Pneumobilia,Pneumobilia,NO return
Dysmorphism,Dysmorphism,NO return
Sialometaplasia,Sialometaplasia,NO return
Distichiasis,Distichiasis,NO return
Transfusion,Transfusion,NO return
Meteoropathy,Meteoropathy,NO return
Encephalolith,Encephalolith,NO return
Hysterometry,Hysterometry,NO return
Cytopenia,Cytopenia,NO return
Palatectomy,Palatectomy,NO return
Hypersexuality,Hypersexuality,NO return
Naturopathy,Naturopathy,NO return
Naprapathy,Naprapathy,NO return
Cordocentesis,Cordocentesis,NO return
Amniorrhoea,Amniorrhoea,NO return
Ameloblastoma,Ameloblastoma,NO return
Saccotomy,Saccotomy,NO return
Taciturnity,Taciturnity,NO return
Pseudothrombophlebitis,Pseudothrombophlebitis,NO return
Pseudocholelithiasis,Pseudocholelithiasis,NO return
Ureteropyelostomy,Ureteropyelostomy,NO return
Keratoplasty,Keratoplasty,NO return
Foraminotomy,Foraminotomy,NO return
Myxofibrosarcoma,Myxofibrosarcoma,NO return
Retinopexy,Retinopexy,NO return
Asthenospermia,Asthenospermia,NO return
Regurgitation,Regurgitation,NO return
Heterotaxia,Heterotaxia,NO return
Iridoplegia,Iridoplegia,NO return
Hypercreatinaemia,Hypercreatinaemia,NO return
Osteoradionecrosis,Osteoradionecrosis,NO return
Haemoperfusion,Haemoperfusion,NO return
Trichophytosis,Trichophytosis,NO return
Endotoxaemia,Endotoxaemia,NO return
Cholecystoenterostomy,Cholecystoenterostomy,NO return
Haemostasis,Haemostasis,NO return
Myelomalacia,Myelomalacia,NO return
Hyposomnia,Hyposomnia,NO return
Dysmetropsia,Dysmetropsia,NO return
Childhood,Childhood,NO return
Haphephobia,Haphephobia,NO return
Dysmyelination,Dysmyelination,NO return
Delivery,Delivery,NO return
Cheiromegaly,Cheiromegaly,NO return
Hyperlipasaemia,Hyperlipasaemia,NO return
Culdoscopy,Culdoscopy,NO return
Rhinolithiasis,Rhinolithiasis,NO return
Debridement,Debridement,NO return
Mesotherapy,Mesotherapy,NO return
Lipofibroma,Lipofibroma,NO return
Uridrosis,Uridrosis,NO return
Hashitoxicosis,Hashitoxicosis,NO return
Keratomileusis,Keratomileusis,NO return
Neurosurgery,Neurosurgery,NO return
Hyperprothrombinaemia,Hyperprothrombinaemia,NO return
Decapitation,Decapitation,NO return
Thermohypoaesthesia,Thermohypoaesthesia,NO return
Thermoanaesthesia,Thermoanaesthesia,NO return
Thermohyperaesthesia,Thermohyperaesthesia,NO return
Chimerism,Chimerism,NO return
Mosaicism,Mosaicism,NO return
Pseudologia,Pseudologia,NO return
Anoplasty,Anoplasty,NO return
Ubiquinone,Ubiquinone,NO return
Aspartylglucosaminuria,Aspartylglucosaminuria,NO return
Facetectomy,Facetectomy,NO return
Trimethylaminuria,Trimethylaminuria,NO return
Hypertransaminasaemia,Hypertransaminasaemia,NO return
Fasting,Fasting,NO return
Microencephaly,Microencephaly,NO return
Arthrotoxicity,Arthrotoxicity,NO return
Anosognosia,Anosognosia,NO return
Idioglossia,Idioglossia,NO return
Neurocryptococcosis,Neurocryptococcosis,NO return
Adipomastia,Adipomastia,NO return
Capillaritis,Capillaritis,NO return
Bacterascites,Bacterascites,NO return
Platyspondylia,Platyspondylia,NO return
Calcanectomy,Calcanectomy,NO return
Mammoplasty,Mammoplasty,NO return
Phrenicectomy,Phrenicectomy,NO return
Pneumoretroperitoneum,Pneumoretroperitoneum,NO return
Nephroscopy,Nephroscopy,NO return
Lysozyme,Lysozyme,NO return
Glucosylceramide,Glucosylceramide,NO return
Pseudohyperphosphataemia,Pseudohyperphosphataemia,NO return
Anisomastia,Anisomastia,NO return
Overconfidence,Overconfidence,NO return
Oesophagogastrostomy,Oesophagogastrostomy,NO return
Gnathoschisis,Gnathoschisis,NO return
Angioscopy,Angioscopy,NO return
Silicotuberculosis,Silicotuberculosis,NO return
Crime,Crime,NO return
Clusterin,Clusterin,NO return
Paruresis,Paruresis,NO return
Arthrolysis,Arthrolysis,NO return
Vestibuloplasty,Vestibuloplasty,NO return
Peritonectomy,Peritonectomy,NO return
Premenarche,Premenarche,NO return
Keratectomy,Keratectomy,NO return
Pseudoendophthalmitis,Pseudoendophthalmitis,NO return
Tenonectomy,Tenonectomy,NO return
Stapedotomy,Stapedotomy,NO return
Sympatholysis,Sympatholysis,NO return
Hypergeusia,Hypergeusia,NO return
Blebitis,Blebitis,NO return
Electrocauterisation,Electrocauterisation,NO return
Myochosis,Myochosis,NO return
Microscopy,Microscopy,NO return
Haemosiderinuria,Haemosiderinuria,NO return
Pharmacophobia,Pharmacophobia,NO return
Succinylacetone,Succinylacetone,NO return
Monkeypox,Monkeypox,NO return
Blepharosynechia,Blepharosynechia,NO return
Camptocormia,Camptocormia,NO return
Oophoropexy,Oophoropexy,NO return
Urometry,Urometry,NO return
Mesenteritis,Mesenteritis,NO return
Hepatolithectomy,Hepatolithectomy,NO return
Hydrolipoclasy,Hydrolipoclasy,NO return
Hypoinsulinaemia,Hypoinsulinaemia,NO return
Pancreaticogastrostomy,Pancreaticogastrostomy,NO return
Gastrocoele,Gastrocoele,NO return
Herniography,Herniography,NO return
Adenolymphoma,Adenolymphoma,NO return
Arthrotomy,Arthrotomy,NO return
Sclerotylosis,Sclerotylosis,NO return
Emetophobia,Emetophobia,NO return
Urethrectomy,Urethrectomy,NO return
Cementoplasty,Cementoplasty,NO return
Electrocorticogram,Electrocorticogram,NO return
Capnothorax,Capnothorax,NO return
Sensitisation,Sensitisation,NO return
Hypocitraturia,Hypocitraturia,NO return
Globotriaosylceramide,Globotriaosylceramide,NO return
Chromopertubation,Chromopertubation,NO return
Gastroplasty,Gastroplasty,NO return
Laevocardia,Laevocardia,NO return
Arterectomy,Arterectomy,NO return
Microsomia,Microsomia,NO return
Autophobia,Autophobia,NO return
Enostosis,Enostosis,NO return
Amygdalotomy,Amygdalotomy,NO return
Perihepatitis,Perihepatitis,NO return
Hypermagnesuria,Hypermagnesuria,NO return
Chondrotoxicity,Chondrotoxicity,NO return
Dyschondrosteosis,Dyschondrosteosis,NO return
Urocele,Urocele,NO return
Immunophenotyping,Immunophenotyping,NO return
Pneumorrhachis,Pneumorrhachis,NO return
Micropenis,Micropenis,NO return
Amygdalohippocampectomy,Amygdalohippocampectomy,NO return
Hypercalcitoninaemia,Hypercalcitoninaemia,NO return
Pyospermia,Pyospermia,NO return
Botryomycosis,Botryomycosis,NO return
Perinephritis,Perinephritis,NO return
Bandaemia,Bandaemia,NO return
Craniolacunia,Craniolacunia,NO return
Pseudostrabismus,Pseudostrabismus,NO return
Pseudohyponatraemia,Pseudohyponatraemia,NO return
Lipoinjection,Lipoinjection,NO return
Egocentrism,Egocentrism,NO return
Coproporphyrinogen,Coproporphyrinogen,NO return
Neuromyotonia,Neuromyotonia,NO return
Sialogram,Sialogram,NO return
Sirenomelia,Sirenomelia,NO return
Platonychia,Platonychia,NO return
Electrocoagulation,Electrocoagulation,NO return
Amastia,Amastia,NO return
Trichotemnomania,Trichotemnomania,NO return
Brachydactyly,Brachydactyly,NO return
Mucolipidosis,Mucolipidosis,NO return
Bronchoplegia,Bronchoplegia,NO return
Hidradenocarcinoma,Hidradenocarcinoma,NO return
Oligoastrocytoma,Oligoastrocytoma,NO return
Pseudohernia,Pseudohernia,NO return
Matrixectomy,Matrixectomy,NO return
Neuronophagia,Neuronophagia,NO return
Pancreatoblastoma,Pancreatoblastoma,NO return
Cholangiostomy,Cholangiostomy,NO return
Microcolon,Microcolon,NO return
Haemophobia,Haemophobia,NO return
Hydranencephaly,Hydranencephaly,NO return
Schizencephaly,Schizencephaly,NO return
Topectomy,Topectomy,NO return
Polymicrogyria,Polymicrogyria,NO return
Hypocalvaria,Hypocalvaria,NO return
Microembolism,Microembolism,NO return
Hydrocalyx,Hydrocalyx,NO return
Osteofibroma,Osteofibroma,NO return
Symmastia,Symmastia,NO return
Radioembolisation,Radioembolisation,NO return
Jejunocolostomy,Jejunocolostomy,NO return
Hypocarnitinaemia,Hypocarnitinaemia,NO return
Epicanthoplasty,Epicanthoplasty,NO return
Prosopagnosia,Prosopagnosia,NO return
Autoscopy,Autoscopy,NO return
Stricturoplasty,Stricturoplasty,NO return
Dysgnathia,Dysgnathia,NO return
Thyroplasty,Thyroplasty,NO return
Appendicolith,Appendicolith,NO return
Lipoblastoma,Lipoblastoma,NO return
Phospholipidosis,Phospholipidosis,NO return
Atticotomy,Atticotomy,NO return
Necrospermia,Necrospermia,NO return
Angiomyofibroblastoma,Angiomyofibroblastoma,NO return
Thromboelastogram,Thromboelastogram,NO return
Hyperfibrinolysis,Hyperfibrinolysis,NO return
Acceleromyography,Acceleromyography,NO return
Pseudocellulitis,Pseudocellulitis,NO return
Foeticide,Foeticide,NO return
Hyperferritinaemia,Hyperferritinaemia,NO return
Rhinectomy,Rhinectomy,NO return
Autoresuscitation,Autoresuscitation,NO return
Thermophobia,Thermophobia,NO return
Loopogram,Loopogram,NO return
Pneumonolysis,Pneumonolysis,NO return
Pseudoachalasia,Pseudoachalasia,NO return
Biotherapy,Biotherapy,NO return
Ambidexterity,Ambidexterity,NO return
Amputee,Amputee,NO return
Demodicidosis,Demodicidosis,NO return
Umbilicoplasty,Umbilicoplasty,NO return
Conjunctivalisation,Conjunctivalisation,NO return
Orthokeratology,Orthokeratology,NO return
Epiphysiodesis,Epiphysiodesis,NO return
Hepascore,Hepascore,NO return
Acardia,Acardia,NO return
Basophilopenia,Basophilopenia,NO return
Hyperprogesteronism,Hyperprogesteronism,NO return
Hypoprogesteronism,Hypoprogesteronism,NO return
Pseudomyopia,Pseudomyopia,NO return
Presbyphonia,Presbyphonia,NO return
Auscultation,Auscultation,NO return
Steatohepatitis,Steatohepatitis,NO return
Pseudocirrhosis,Pseudocirrhosis,NO return
Hypernatriuria,Hypernatriuria,NO return
Schistocytosis,Schistocytosis,NO return
Fimbrioplasty,Fimbrioplasty,NO return
Bradyphagia,Bradyphagia,NO return
Perforation,Perforation,NO return
Prolapse,Prolapse,NO return
Stenosis,Stenosis,NO return
Stertor,Stertor,NO return
Hypokeratosis,Hypokeratosis,NO return
Clinomania,Clinomania,NO return
Endotheliomatosis,Endotheliomatosis,NO return
Angiomyxoma,Angiomyxoma,NO return
Bronchotomy,Bronchotomy,NO return
Microsleep,Microsleep,NO return
Pseudogynaecomastia,Pseudogynaecomastia,NO return
Neuroendoscopy,Neuroendoscopy,NO return
Pseudohypoglycaemia,Pseudohypoglycaemia,NO return
Chagoma,Chagoma,NO return
Helplessness,Helplessness,NO return
Hemianaesthesia,Hemianaesthesia,NO return
Hemiasomatognosia,Hemiasomatognosia,NO return
Paralogism,Paralogism,NO return
Turbinoplasty,Turbinoplasty,NO return
Scatolia,Scatolia,NO return
Choristoma,Choristoma,NO return
Proctectomy,Proctectomy,NO return
Annuloplasty,Annuloplasty,NO return
Pseudohypercalcaemia,Pseudohypercalcaemia,NO return
Immunochemotherapy,Immunochemotherapy,NO return
Pseudophakodonesis,Pseudophakodonesis,NO return
Apitherapy,Apitherapy,NO return
Funguria,Funguria,NO return
Myelolipoma,Myelolipoma,NO return
Rhizolysis,Rhizolysis,NO return
Nyctalgia,Nyctalgia,NO return
Tracheloplasty,Tracheloplasty,NO return
Hyponatriuria,Hyponatriuria,NO return
Pseudofolliculitis,Pseudofolliculitis,NO return
Tenoplasty,Tenoplasty,NO return
Periostosis,Periostosis,NO return
Gastrorrhaphy,Gastrorrhaphy,NO return
Hypobarism,Hypobarism,NO return
Chondroporosis,Chondroporosis,NO return
Alexithymia,Alexithymia,NO return
Bendopnoea,Bendopnoea,NO return
Quadrantanopia,Quadrantanopia,NO return
Apituitarism,Apituitarism,NO return
Cholangiosarcoma,Cholangiosarcoma,NO return
Presbyastasis,Presbyastasis,NO return
Chondrodynia,Chondrodynia,NO return
Viscocanalostomy,Viscocanalostomy,NO return
Goniotomy,Goniotomy,NO return
Sclerectomy,Sclerectomy,NO return
Ureterolithiasis,Ureterolithiasis,NO return
Neurosarcoidosis,Neurosarcoidosis,NO return
Algophobia,Algophobia,NO return
Pseudostroke,Pseudostroke,NO return
Hemimegalencephaly,Hemimegalencephaly,NO return
Caecostomy,Caecostomy,NO return
Orthoroentgenogram,Orthoroentgenogram,NO return
Gluteoplasty,Gluteoplasty,NO return
Orchidotomy,Orchidotomy,NO return
Pseudosyndactyly,Pseudosyndactyly,NO return
Rotationplasty,Rotationplasty,NO return
Camptomelia,Camptomelia,NO return
Cholelithotripsy,Cholelithotripsy,NO return
Perisplenitis,Perisplenitis,NO return
Hydrotubation,Hydrotubation,NO return
Astraphobia,Astraphobia,NO return
Sialadenosis,Sialadenosis,NO return
Cisternogram,Cisternogram,NO return
Retroperitonitis,Retroperitonitis,NO return
Kinesiophobia,Kinesiophobia,NO return
Iontophoresis,Iontophoresis,NO return
Sinuplasty,Sinuplasty,NO return
Arteriotomy,Arteriotomy,NO return
Keratouveitis,Keratouveitis,NO return
Tympanomastoidectomy,Tympanomastoidectomy,NO return
Lymphangiectomy,Lymphangiectomy,NO return
Astragalectomy,Astragalectomy,NO return
Hemiparaesthesia,Hemiparaesthesia,NO return
Synkinesis,Synkinesis,NO return
Mysophobia,Mysophobia,NO return
Synaesthesia,Synaesthesia,NO return
Macroprolactinaemia,Macroprolactinaemia,NO return
Hyperleukocytosis,Hyperleukocytosis,NO return
Profundaplasty,Profundaplasty,NO return
Diastema,Diastema,NO return
Genotoxicity,Genotoxicity,NO return
Nasopharyngoscopy,Nasopharyngoscopy,NO return
Keraunoparalysis,Keraunoparalysis,NO return
Marsupialisation,Marsupialisation,NO return
Fistulotomy,Fistulotomy,NO return
Elastofibroma,Elastofibroma,NO return
Housebound,Housebound,NO return
Anazoturia,Anazoturia,NO return
Azoturia,Azoturia,NO return
Atheroembolism,Atheroembolism,NO return
Oligoasthenoteratozoospermia,Oligoasthenoteratozoospermia,NO return
Labyrinthectomy,Labyrinthectomy,NO return
Astroblastoma,Astroblastoma,NO return
Misophonia,Misophonia,NO return
Bisalbuminaemia,Bisalbuminaemia,NO return
Trapeziectomy,Trapeziectomy,NO return
Electrogastrogram,Electrogastrogram,NO return
Climatotherapy,Climatotherapy,NO return
Colpocleisis,Colpocleisis,NO return
Ectrodactyly,Ectrodactyly,NO return
Hyposplenism,Hyposplenism,NO return
Trichodynia,Trichodynia,NO return
Acrodysostosis,Acrodysostosis,NO return
Auriculectomy,Auriculectomy,NO return
Cryptitis,Cryptitis,NO return
Nesidioblastosis,Nesidioblastosis,NO return
Endocervicosis,Endocervicosis,NO return
Flavectomy,Flavectomy,NO return
Glossophobia,Glossophobia,NO return
Laryngoplasty,Laryngoplasty,NO return
Sitophobia,Sitophobia,NO return
Trichoglossia,Trichoglossia,NO return
Illness,Illness,NO return
Dirofilariasis,Dirofilariasis,NO return
Aerophobia,Aerophobia,NO return
Oligoasthenozoospermia,Oligoasthenozoospermia,NO return
Malacoplakia,Malacoplakia,NO return
Enthesophyte,Enthesophyte,NO return
Pseudofracture,Pseudofracture,NO return
Dicrocoeliasis,Dicrocoeliasis,NO return
Dipylidiasis,Dipylidiasis,NO return
Syngamiasis,Syngamiasis,NO return
Tungiasis,Tungiasis,NO return
Portogram,Portogram,NO return
Hepatocele,Hepatocele,NO return
Phonasthenia,Phonasthenia,NO return
Pseudohypoaldosteronism,Pseudohypoaldosteronism,NO return
Radisectomy,Radisectomy,NO return
Microorchidism,Microorchidism,NO return
Coreoplasty,Coreoplasty,NO return
Hemihyperaesthesia,Hemihyperaesthesia,NO return
Angiocardiogram,Angiocardiogram,NO return
Dyschromatosis,Dyschromatosis,NO return
Phaeohyphomycosis,Phaeohyphomycosis,NO return
Hyperarousal,Hyperarousal,NO return
Oxycephaly,Oxycephaly,NO return
Listeraemia,Listeraemia,NO return
Hyperglycinaemia,Hyperglycinaemia,NO return
Cheilectomy,Cheilectomy,NO return
Pleomorphism,Pleomorphism,NO return
Dehiscence,Dehiscence,NO return
Discharge,Discharge,NO return
Diverticuloma,Diverticuloma,NO return
Transillumination,Transillumination,NO return
Sclerotomy,Sclerotomy,NO return
Hanging,Hanging,NO return
Moxibustion,Moxibustion,NO return
Lithiasis,Lithiasis,NO return
Protothecosis,Protothecosis,NO return
Procrastination,Procrastination,NO return
Tympanoscopy,Tympanoscopy,NO return
Brachymetatarsia,Brachymetatarsia,NO return
Hyperlysinaemia,Hyperlysinaemia,NO return
Hypermutation,Hypermutation,NO return
Sacrectomy,Sacrectomy,NO return
Neuroacanthocytosis,Neuroacanthocytosis,NO return
Lateropulsion,Lateropulsion,NO return
Polyorchidism,Polyorchidism,NO return
Hydrovarium,Hydrovarium,NO return
Otolithiasis,Otolithiasis,NO return
Panendoscopy,Panendoscopy,NO return
Dermatophagia,Dermatophagia,NO return
Sesamoidectomy,Sesamoidectomy,NO return
Sphenoethmoidectomy,Sphenoethmoidectomy,NO return
Brachyolmia,Brachyolmia,NO return
Macroorchidism,Macroorchidism,NO return
Anonychia,Anonychia,NO return
Hemiataxia,Hemiataxia,NO return
Retinoscopy,Retinoscopy,NO return
Oligoarthritis,Oligoarthritis,NO return
Dysbiosis,Dysbiosis,NO return
Poikilothermia,Poikilothermia,NO return
Glycopenia,Glycopenia,NO return
Pachydermodactyly,Pachydermodactyly,NO return
Photorejuvenation,Photorejuvenation,NO return
Subcision,Subcision,NO return
Cholangiojejunostomy,Cholangiojejunostomy,NO return
Metrorrhoea,Metrorrhoea,NO return
Paratonia,Paratonia,NO return
Trombidiasis,Trombidiasis,NO return
Glomangiopericytoma,Glomangiopericytoma,NO return
Erotophonophilia,Erotophonophilia,NO return
Dysphotopsia,Dysphotopsia,NO return
Enterorrhaphy,Enterorrhaphy,NO return
Thoracolaparoscopy,Thoracolaparoscopy,NO return
Restenosis,Restenosis,NO return
Capnogram,Capnogram,NO return
Nasolaryngoscopy,Nasolaryngoscopy,NO return
Diabulimia,Diabulimia,NO return
Cryophobia,Cryophobia,NO return
Jejunojejunostomy,Jejunojejunostomy,NO return
Osteopontin,Osteopontin,NO return
Simultanagnosia,Simultanagnosia,NO return
Splanchnicectomy,Splanchnicectomy,NO return
Carinaplasty,Carinaplasty,NO return
Pycnodysostosis,Pycnodysostosis,NO return
Chondronecrosis,Chondronecrosis,NO return
Lithopedion,Lithopedion,NO return
Vesiculectomy,Vesiculectomy,NO return
Omentoplasty,Omentoplasty,NO return
Hemidysaesthesia,Hemidysaesthesia,NO return
Dacryocystocoele,Dacryocystocoele,NO return
Phreniclasia,Phreniclasia,NO return
Rhinotomy,Rhinotomy,NO return
Fibronectin,Fibronectin,NO return
Galactosialidosis,Galactosialidosis,NO return
Underimmunisation,Underimmunisation,NO return
Odontoma,Odontoma,NO return
Myopericytoma,Myopericytoma,NO return
Iridoplasty,Iridoplasty,NO return
Laryngotracheobronchoscopy,Laryngotracheobronchoscopy,NO return
Hypoferritinaemia,Hypoferritinaemia,NO return
Coinfection,Coinfection,NO return
Abetalipoproteinaemia,Abetalipoproteinaemia,NO return
Sarcoglycanopathy,Sarcoglycanopathy,NO return
Nosocomephobia,Nosocomephobia,NO return
Carpectomy,Carpectomy,NO return
Hyperphenylalaninaemia,Hyperphenylalaninaemia,NO return
Imperception,Imperception,NO return
Cryptotia,Cryptotia,NO return
Discouragement,Discouragement,NO return
Piebaldism,Piebaldism,NO return
Onchodermatitis,Onchodermatitis,NO return
Quarantine,Quarantine,NO return
Drainage,Drainage,NO return
Telemedicine,Telemedicine,NO return
Strokectomy,Strokectomy,NO return
Otoendoscopy,Otoendoscopy,NO return
Hypotransferrinaemia,Hypotransferrinaemia,NO return
